Day,Title,TitleFa,GrammarFocus,GrammarFocusFa,LessonLevel,SentenceId,Role,GermanText,Translation,TranslationFa,SentenceLevel
1,Greetings & Introductions,احوالپرسی و معرفی,"Basic greetings: Hallo, Guten Tag, Tschüss",احوالپرسی پایه,A1,1,received,Hallo! Guten Morgen.,Hello! Good morning.,سلام! صبح بخیر.,A1
1,Greetings & Introductions,احوالپرسی و معرفی,"Basic greetings: Hallo, Guten Tag, Tschüss",احوالپرسی پایه,A1,2,sent,Guten Morgen! Wie geht es Ihnen?,Good morning! How are you?,صبح بخیر! حالتان چطور است؟,A1
1,Greetings & Introductions,احوالپرسی و معرفی,"Basic greetings: Hallo, Guten Tag, Tschüss",احوالپرسی پایه,A1,3,received,"Mir geht es gut, danke. Und Ihnen?","I am fine, thank you. And you?",من خوبم، ممنون. شما چطور؟,A1
1,Greetings & Introductions,احوالپرسی و معرفی,"Basic greetings: Hallo, Guten Tag, Tschüss",احوالپرسی پایه,A1,4,sent,"Auch gut, danke.","Also good, thanks.",من هم خوبم، ممنون.,A1
1,Greetings & Introductions,احوالپرسی و معرفی,"Basic greetings: Hallo, Guten Tag, Tschüss",احوالپرسی پایه,A1,5,received,Ich heiße Anna. Wie heißen Sie?,My name is Anna. What is your name?,اسم من آنا است. اسم شما چیست؟,A1
1,Greetings & Introductions,احوالپرسی و معرفی,"Basic greetings: Hallo, Guten Tag, Tschüss",احوالپرسی پایه,A1,6,sent,Ich heiße Ali. Freut mich!,My name is Ali. Nice to meet you!,اسم من علی است. خوشبختم!,A1
1,Greetings & Introductions,احوالپرسی و معرفی,"Basic greetings: Hallo, Guten Tag, Tschüss",احوالپرسی پایه,A1,7,received,Freut mich auch! Woher kommen Sie?,Nice to meet you too! Where are you from?,من هم خوشبختم! شما اهل کجا هستید؟,A1
1,Greetings & Introductions,احوالپرسی و معرفی,"Basic greetings: Hallo, Guten Tag, Tschüss",احوالپرسی پایه,A1,8,sent,Ich komme aus dem Iran.,I come from Iran.,من اهل ایران هستم.,A1
1,Greetings & Introductions,احوالپرسی و معرفی,"Basic greetings: Hallo, Guten Tag, Tschüss",احوالپرسی پایه,A1,9,received,"Oh, interessant! Willkommen in Deutschland.","Oh, interesting! Welcome to Germany.",اوه، جالب! به آلمان خوش آمدید.,A1
1,Greetings & Introductions,احوالپرسی و معرفی,"Basic greetings: Hallo, Guten Tag, Tschüss",احوالپرسی پایه,A1,10,sent,Vielen Dank! Deutschland ist sehr schön.,Thank you very much! Germany is very beautiful.,خیلی ممنون! آلمان خیلی زیباست.,A1
1,Greetings & Introductions,احوالپرسی و معرفی,"Basic greetings: Hallo, Guten Tag, Tschüss",احوالپرسی پایه,A1,11,received,Sprechen Sie Deutsch?,Do you speak German?,آیا آلمانی صحبت می‌کنید؟,A1
1,Greetings & Introductions,احوالپرسی و معرفی,"Basic greetings: Hallo, Guten Tag, Tschüss",احوالپرسی پایه,A1,12,sent,Ein bisschen. Ich lerne Deutsch.,A little bit. I am learning German.,کمی. من دارم آلمانی یاد می‌گیرم.,A1
1,Greetings & Introductions,احوالپرسی و معرفی,"Basic greetings: Hallo, Guten Tag, Tschüss",احوالپرسی پایه,A1,13,received,Das ist toll! Viel Erfolg!,That is great! Good luck!,عالیه! موفق باشید!,A1
1,Greetings & Introductions,احوالپرسی و معرفی,"Basic greetings: Hallo, Guten Tag, Tschüss",احوالپرسی پایه,A1,14,sent,Danke schön! Auf Wiedersehen.,Thank you! Goodbye.,ممنونم! خداحافظ.,A1
2,Introducing Yourself,معرفی خودتان,"Ich bin..., Ich heiße..., Ich komme aus...",من هستم... اسم من است... من اهل... هستم,A1,1,received,Hallo! Ich bin Maria. Ich komme aus Berlin.,Hello! I am Maria. I come from Berlin.,سلام! من ماریا هستم. من اهل برلین هستم.,A1
2,Introducing Yourself,معرفی خودتان,"Ich bin..., Ich heiße..., Ich komme aus...",من هستم... اسم من است... من اهل... هستم,A1,2,sent,Hallo Maria! Ich bin Reza. Ich komme aus Teheran.,Hello Maria! I am Reza. I come from Tehran.,سلام ماریا! من رضا هستم. من اهل تهران هستم.,A1
2,Introducing Yourself,معرفی خودتان,"Ich bin..., Ich heiße..., Ich komme aus...",من هستم... اسم من است... من اهل... هستم,A1,3,received,"Wie alt bist du, Reza?","How old are you, Reza?",رضا، چند سالته؟,A1
2,Introducing Yourself,معرفی خودتان,"Ich bin..., Ich heiße..., Ich komme aus...",من هستم... اسم من است... من اهل... هستم,A1,4,sent,Ich bin fünfundzwanzig Jahre alt. Und du?,I am twenty-five years old. And you?,من بیست و پنج سالمه. تو چی؟,A1
2,Introducing Yourself,معرفی خودتان,"Ich bin..., Ich heiße..., Ich komme aus...",من هستم... اسم من است... من اهل... هستم,A1,5,received,Ich bin dreißig. Was machst du beruflich?,I am thirty. What do you do for a living?,من سی سالمه. شغلت چیه؟,A1
2,Introducing Yourself,معرفی خودتان,"Ich bin..., Ich heiße..., Ich komme aus...",من هستم... اسم من است... من اهل... هستم,A1,6,sent,Ich bin Student. Ich studiere Informatik.,I am a student. I study computer science.,من دانشجو هستم. من کامپیوتر می‌خوانم.,A1
2,Introducing Yourself,معرفی خودتان,"Ich bin..., Ich heiße..., Ich komme aus...",من هستم... اسم من است... من اهل... هستم,A1,7,received,Interessant! Ich bin Lehrerin.,Interesting! I am a teacher.,جالبه! من معلم هستم.,A1
2,Introducing Yourself,معرفی خودتان,"Ich bin..., Ich heiße..., Ich komme aus...",من هستم... اسم من است... من اهل... هستم,A1,8,sent,Wo wohnst du in Berlin?,Where do you live in Berlin?,کجای برلین زندگی می‌کنی؟,A1
2,Introducing Yourself,معرفی خودتان,"Ich bin..., Ich heiße..., Ich komme aus...",من هستم... اسم من است... من اهل... هستم,A1,9,received,Ich wohne in Kreuzberg. Und wo wohnst du?,I live in Kreuzberg. And where do you live?,من در کرویتسبرگ زندگی می‌کنم. تو کجا زندگی می‌کنی؟,A1
2,Introducing Yourself,معرفی خودتان,"Ich bin..., Ich heiße..., Ich komme aus...",من هستم... اسم من است... من اهل... هستم,A1,10,sent,Ich wohne in München. Die Stadt ist sehr schön.,I live in Munich. The city is very beautiful.,من در مونیخ زندگی می‌کنم. شهر خیلی زیباست.,A1
2,Introducing Yourself,معرفی خودتان,"Ich bin..., Ich heiße..., Ich komme aus...",من هستم... اسم من است... من اهل... هستم,A1,11,received,Sprichst du Englisch?,Do you speak English?,آیا انگلیسی صحبت می‌کنی؟,A1
2,Introducing Yourself,معرفی خودتان,"Ich bin..., Ich heiße..., Ich komme aus...",من هستم... اسم من است... من اهل... هستم,A1,12,sent,"Ja, ich spreche Englisch und Persisch.","Yes, I speak English and Persian.",بله، من انگلیسی و فارسی صحبت می‌کنم.,A1
3,Numbers 1-20,اعداد ۱ تا ۲۰,"Cardinal numbers: eins, zwei, drei... zwanzig",اعداد اصلی: یک، دو، سه... بیست,A1,1,received,Guten Tag! Wie viel kostet der Kaffee?,Good day! How much does the coffee cost?,روز بخیر! قهوه چقدر است؟,A1
3,Numbers 1-20,اعداد ۱ تا ۲۰,"Cardinal numbers: eins, zwei, drei... zwanzig",اعداد اصلی: یک، دو، سه... بیست,A1,2,sent,Der Kaffee kostet drei Euro.,The coffee costs three euros.,قهوه سه یورو است.,A1
3,Numbers 1-20,اعداد ۱ تا ۲۰,"Cardinal numbers: eins, zwei, drei... zwanzig",اعداد اصلی: یک، دو، سه... بیست,A1,3,received,Und das Brötchen? Wie viel kostet das?,And the bread roll? How much does that cost?,و نان؟ قیمتش چقدر است؟,A1
3,Numbers 1-20,اعداد ۱ تا ۲۰,"Cardinal numbers: eins, zwei, drei... zwanzig",اعداد اصلی: یک، دو، سه... بیست,A1,4,sent,Das Brötchen kostet eins fünfzig.,The bread roll costs one fifty.,نان یک یورو و پنجاه سنت است.,A1
3,Numbers 1-20,اعداد ۱ تا ۲۰,"Cardinal numbers: eins, zwei, drei... zwanzig",اعداد اصلی: یک، دو، سه... بیست,A1,5,received,Ich nehme zwei Kaffees und drei Brötchen.,I will take two coffees and three bread rolls.,من دو تا قهوه و سه تا نان می‌خواهم.,A1
3,Numbers 1-20,اعداد ۱ تا ۲۰,"Cardinal numbers: eins, zwei, drei... zwanzig",اعداد اصلی: یک، دو، سه... بیست,A1,6,sent,Das macht zusammen zehn Euro fünfzig.,That comes to ten euros fifty altogether.,مجموعا ده یورو و پنجاه سنت می‌شود.,A1
3,Numbers 1-20,اعداد ۱ تا ۲۰,"Cardinal numbers: eins, zwei, drei... zwanzig",اعداد اصلی: یک، دو، سه... بیست,A1,7,received,Wie ist Ihre Telefonnummer?,What is your phone number?,شماره تلفن شما چیست؟,A1
3,Numbers 1-20,اعداد ۱ تا ۲۰,"Cardinal numbers: eins, zwei, drei... zwanzig",اعداد اصلی: یک، دو، سه... بیست,A1,8,sent,"Meine Nummer ist null eins sieben zwei, fünf acht neun drei.","My number is zero one seven two, five eight nine three.",شماره من صفر یک هفت دو، پنج هشت نه سه است.,A1
3,Numbers 1-20,اعداد ۱ تا ۲۰,"Cardinal numbers: eins, zwei, drei... zwanzig",اعداد اصلی: یک، دو، سه... بیست,A1,9,received,Können Sie das bitte wiederholen?,Can you please repeat that?,می‌توانید لطفا تکرار کنید؟,A1
3,Numbers 1-20,اعداد ۱ تا ۲۰,"Cardinal numbers: eins, zwei, drei... zwanzig",اعداد اصلی: یک، دو، سه... بیست,A1,10,sent,"Natürlich! Null eins sieben zwei, fünf acht neun drei.","Of course! Zero one seven two, five eight nine three.",البته! صفر یک هفت دو، پنج هشت نه سه.,A1
3,Numbers 1-20,اعداد ۱ تا ۲۰,"Cardinal numbers: eins, zwei, drei... zwanzig",اعداد اصلی: یک، دو، سه... بیست,A1,11,received,Wie viele Personen sind Sie?,How many people are you?,چند نفر هستید؟,A1
3,Numbers 1-20,اعداد ۱ تا ۲۰,"Cardinal numbers: eins, zwei, drei... zwanzig",اعداد اصلی: یک، دو، سه... بیست,A1,12,sent,Wir sind vier Personen.,We are four people.,ما چهار نفر هستیم.,A1
4,The Alphabet & Spelling,الفبا و املا,"German pronunciation: ä, ö, ü, ß",تلفظ آلمانی: ä، ö، ü، ß,A1,1,received,"Guten Tag! Wie ist Ihr Name, bitte?","Good day! What is your name, please?",روز بخیر! اسم شما چیست، لطفا؟,A1
4,The Alphabet & Spelling,الفبا و املا,"German pronunciation: ä, ö, ü, ß",تلفظ آلمانی: ä، ö، ü، ß,A1,2,sent,Mein Name ist Müller.,My name is Müller.,اسم من مولر است.,A1
4,The Alphabet & Spelling,الفبا و املا,"German pronunciation: ä, ö, ü, ß",تلفظ آلمانی: ä، ö، ü، ß,A1,3,received,Können Sie das bitte buchstabieren?,Can you please spell that?,می‌توانید لطفا آن را هجی کنید؟,A1
4,The Alphabet & Spelling,الفبا و املا,"German pronunciation: ä, ö, ü, ß",تلفظ آلمانی: ä، ö، ü، ß,A1,4,sent,M-Ü-L-L-E-R. Müller.,M-Ü-L-L-E-R. Müller.,ام-اوو-ال-ال-ا-ار. مولر.,A1
4,The Alphabet & Spelling,الفبا و املا,"German pronunciation: ä, ö, ü, ß",تلفظ آلمانی: ä، ö، ü، ß,A1,5,received,Danke! Und Ihr Vorname?,Thanks! And your first name?,ممنون! و نام کوچک شما؟,A1
4,The Alphabet & Spelling,الفبا و املا,"German pronunciation: ä, ö, ü, ß",تلفظ آلمانی: ä، ö، ü، ß,A1,6,sent,Mein Vorname ist Jürgen.,My first name is Jürgen.,نام کوچک من یورگن است.,A1
4,The Alphabet & Spelling,الفبا و املا,"German pronunciation: ä, ö, ü, ß",تلفظ آلمانی: ä، ö، ü، ß,A1,7,received,Wie schreibt man Straße?,How do you write Straße?,کلمه خیابان را چگونه می‌نویسند؟,A1
4,The Alphabet & Spelling,الفبا و املا,"German pronunciation: ä, ö, ü, ß",تلفظ آلمانی: ä، ö، ü، ß,A1,8,sent,S-T-R-A-ß-E. Das ß ist wie ein doppeltes S.,S-T-R-A-ß-E. The ß is like a double S.,حرف ß مثل دو تا اس است.,A1
4,The Alphabet & Spelling,الفبا و املا,"German pronunciation: ä, ö, ü, ß",تلفظ آلمانی: ä، ö، ü، ß,A1,9,received,Was ist der Unterschied zwischen u und ü?,What is the difference between u and ü?,تفاوت بین u و ü چیست؟,A1
4,The Alphabet & Spelling,الفبا و املا,"German pronunciation: ä, ö, ü, ß",تلفظ آلمانی: ä، ö، ü، ß,A1,10,sent,Das Ü hat zwei Punkte oben.,The Ü has two dots on top.,حرف Ü دو نقطه بالا دارد.,A1
5,At the Café,در کافه,"Polite requests: Ich möchte..., Ich hätte gern...",درخواست مؤدبانه: من می‌خواهم...,A1,1,received,Willkommen im Café! Was möchten Sie bestellen?,Welcome to the café! What would you like to order?,به کافه خوش آمدید! چه چیزی میل دارید؟,A1
5,At the Café,در کافه,"Polite requests: Ich möchte..., Ich hätte gern...",درخواست مؤدبانه: من می‌خواهم...,A1,2,sent,"Ich möchte einen Kaffee, bitte.","I would like a coffee, please.",من یک قهوه می‌خواهم، لطفا.,A1
5,At the Café,در کافه,"Polite requests: Ich möchte..., Ich hätte gern...",درخواست مؤدبانه: من می‌خواهم...,A1,3,received,Mit Milch und Zucker?,With milk and sugar?,با شیر و شکر؟,A1
5,At the Café,در کافه,"Polite requests: Ich möchte..., Ich hätte gern...",درخواست مؤدبانه: من می‌خواهم...,A1,4,sent,"Nur mit Milch, bitte. Ohne Zucker.","Only with milk, please. Without sugar.",فقط با شیر، لطفا. بدون شکر.,A1
5,At the Café,در کافه,"Polite requests: Ich möchte..., Ich hätte gern...",درخواست مؤدبانه: من می‌خواهم...,A1,5,received,Möchten Sie auch etwas essen?,Would you also like something to eat?,چیزی هم برای خوردن میل دارید؟,A1
5,At the Café,در کافه,"Polite requests: Ich möchte..., Ich hätte gern...",درخواست مؤدبانه: من می‌خواهم...,A1,6,sent,"Ja, ich hätte gern ein Stück Kuchen.","Yes, I would like a piece of cake.",بله، یک تکه کیک می‌خواستم.,A1
5,At the Café,در کافه,"Polite requests: Ich möchte..., Ich hätte gern...",درخواست مؤدبانه: من می‌خواهم...,A1,7,received,Wir haben Schokoladenkuchen und Apfelkuchen.,We have chocolate cake and apple cake.,ما کیک شکلاتی و کیک سیب داریم.,A1
5,At the Café,در کافه,"Polite requests: Ich möchte..., Ich hätte gern...",درخواست مؤدبانه: من می‌خواهم...,A1,8,sent,"Den Apfelkuchen, bitte.","The apple cake, please.",کیک سیب، لطفا.,A1
5,At the Café,در کافه,"Polite requests: Ich möchte..., Ich hätte gern...",درخواست مؤدبانه: من می‌خواهم...,A1,9,received,Möchten Sie drinnen oder draußen sitzen?,Would you like to sit inside or outside?,می‌خواهید داخل بنشینید یا بیرون؟,A1
5,At the Café,در کافه,"Polite requests: Ich möchte..., Ich hätte gern...",درخواست مؤدبانه: من می‌خواهم...,A1,10,sent,"Draußen, bitte. Das Wetter ist schön heute.","Outside, please. The weather is nice today.",بیرون، لطفا. هوا امروز خوب است.,A1
5,At the Café,در کافه,"Polite requests: Ich möchte..., Ich hätte gern...",درخواست مؤدبانه: من می‌خواهم...,A1,11,received,Hier ist Ihr Kaffee und der Kuchen. Guten Appetit!,Here is your coffee and the cake. Enjoy!,بفرمایید قهوه و کیک شما. نوش جان!,A1
5,At the Café,در کافه,"Polite requests: Ich möchte..., Ich hätte gern...",درخواست مؤدبانه: من می‌خواهم...,A1,12,sent,Danke schön! Kann ich bitte die Rechnung haben?,"Thank you! Can I have the bill, please?",ممنونم! می‌توانم صورتحساب را داشته باشم؟,A1
6,Family Members,اعضای خانواده,Possessive articles: mein/meine,ضمایر ملکی: مال من,A1,1,received,Hast du Geschwister?,Do you have siblings?,خواهر و برادر داری؟,A1
6,Family Members,اعضای خانواده,Possessive articles: mein/meine,ضمایر ملکی: مال من,A1,2,sent,"Ja, ich habe einen Bruder und eine Schwester.","Yes, I have a brother and a sister.",بله، یک برادر و یک خواهر دارم.,A1
6,Family Members,اعضای خانواده,Possessive articles: mein/meine,ضمایر ملکی: مال من,A1,3,received,Wie heißt dein Bruder?,What is your brother called?,اسم برادرت چیه؟,A1
6,Family Members,اعضای خانواده,Possessive articles: mein/meine,ضمایر ملکی: مال من,A1,4,sent,Mein Bruder heißt Amir. Er ist zwanzig Jahre alt.,My brother is called Amir. He is twenty years old.,برادرم اسمش امیر است. او بیست ساله است.,A1
6,Family Members,اعضای خانواده,Possessive articles: mein/meine,ضمایر ملکی: مال من,A1,5,received,Und deine Schwester?,And your sister?,و خواهرت؟,A1
6,Family Members,اعضای خانواده,Possessive articles: mein/meine,ضمایر ملکی: مال من,A1,6,sent,Meine Schwester heißt Sara. Sie ist achtzehn.,My sister is called Sara. She is eighteen.,خواهرم اسمش سارا است. او هجده ساله است.,A1
6,Family Members,اعضای خانواده,Possessive articles: mein/meine,ضمایر ملکی: مال من,A1,7,received,Sind deine Eltern auch in Deutschland?,Are your parents also in Germany?,پدر و مادرت هم در آلمان هستند؟,A1
6,Family Members,اعضای خانواده,Possessive articles: mein/meine,ضمایر ملکی: مال من,A1,8,sent,"Nein, meine Eltern wohnen im Iran.","No, my parents live in Iran.",نه، پدر و مادرم در ایران زندگی می‌کنند.,A1
6,Family Members,اعضای خانواده,Possessive articles: mein/meine,ضمایر ملکی: مال من,A1,9,received,Was macht dein Vater beruflich?,What does your father do for work?,شغل پدرت چیه؟,A1
6,Family Members,اعضای خانواده,Possessive articles: mein/meine,ضمایر ملکی: مال من,A1,10,sent,Mein Vater ist Ingenieur. Meine Mutter ist Ärztin.,My father is an engineer. My mother is a doctor.,پدرم مهندس است. مادرم پزشک است.,A1
6,Family Members,اعضای خانواده,Possessive articles: mein/meine,ضمایر ملکی: مال من,A1,11,received,Das ist eine große Familie!,That is a big family!,خانواده بزرگی داری!,A1
6,Family Members,اعضای خانواده,Possessive articles: mein/meine,ضمایر ملکی: مال من,A1,12,sent,"Ja, und mein Großvater wohnt auch bei uns.","Yes, and my grandfather also lives with us.",بله، و پدربزرگم هم پیش ما زندگی می‌کند.,A1
7,Days & Months,روزها و ماه‌ها,"Days of the week, months of the year",روزهای هفته، ماه‌های سال,A1,1,received,Welcher Tag ist heute?,What day is today?,امروز چه روزی است؟,A1
7,Days & Months,روزها و ماه‌ها,"Days of the week, months of the year",روزهای هفته، ماه‌های سال,A1,2,sent,Heute ist Montag.,Today is Monday.,امروز دوشنبه است.,A1
7,Days & Months,روزها و ماه‌ها,"Days of the week, months of the year",روزهای هفته، ماه‌های سال,A1,3,received,Und morgen?,And tomorrow?,و فردا؟,A1
7,Days & Months,روزها و ماه‌ها,"Days of the week, months of the year",روزهای هفته، ماه‌های سال,A1,4,sent,Morgen ist Dienstag.,Tomorrow is Tuesday.,فردا سه‌شنبه است.,A1
7,Days & Months,روزها و ماه‌ها,"Days of the week, months of the year",روزهای هفته، ماه‌های سال,A1,5,received,Wann hast du Geburtstag?,When is your birthday?,تولدت کی هست؟,A1
7,Days & Months,روزها و ماه‌ها,"Days of the week, months of the year",روزهای هفته، ماه‌های سال,A1,6,sent,Mein Geburtstag ist am fünften März.,My birthday is on the fifth of March.,تولد من پنجم مارس است.,A1
7,Days & Months,روزها و ماه‌ها,"Days of the week, months of the year",روزهای هفته، ماه‌های سال,A1,7,received,In welchem Monat sind wir jetzt?,What month are we in now?,الان در چه ماهی هستیم؟,A1
7,Days & Months,روزها و ماه‌ها,"Days of the week, months of the year",روزهای هفته، ماه‌های سال,A1,8,sent,Wir sind jetzt im Januar.,We are now in January.,الان در ژانویه هستیم.,A1
7,Days & Months,روزها و ماه‌ها,"Days of the week, months of the year",روزهای هفته، ماه‌های سال,A1,9,received,Hast du am Samstag Zeit?,Do you have time on Saturday?,شنبه وقت داری؟,A1
7,Days & Months,روزها و ماه‌ها,"Days of the week, months of the year",روزهای هفته، ماه‌های سال,A1,10,sent,Am Samstag bin ich frei. Und am Sonntag auch.,On Saturday I am free. And on Sunday too.,شنبه آزاد هستم. و یکشنبه هم.,A1
7,Days & Months,روزها و ماه‌ها,"Days of the week, months of the year",روزهای هفته، ماه‌های سال,A1,11,received,Wann beginnt der Deutschkurs?,When does the German course start?,کلاس آلمانی کی شروع می‌شود؟,A1
7,Days & Months,روزها و ماه‌ها,"Days of the week, months of the year",روزهای هفته، ماه‌های سال,A1,12,sent,"Der Kurs beginnt am Mittwoch, den ersten Februar.","The course starts on Wednesday, the first of February.",کلاس چهارشنبه، اول فوریه شروع می‌شود.,A1
8,Colors & Descriptions,رنگ‌ها و توصیفات,"Basic adjectives: groß, klein, schön",صفات پایه: بزرگ، کوچک، زیبا,A1,1,received,Welche Farbe hat dein Auto?,What color is your car?,ماشینت چه رنگی است؟,A1
8,Colors & Descriptions,رنگ‌ها و توصیفات,"Basic adjectives: groß, klein, schön",صفات پایه: بزرگ، کوچک، زیبا,A1,2,sent,Mein Auto ist blau.,My car is blue.,ماشینم آبی است.,A1
8,Colors & Descriptions,رنگ‌ها و توصیفات,"Basic adjectives: groß, klein, schön",صفات پایه: بزرگ، کوچک، زیبا,A1,3,received,Und dein Haus? Ist es groß?,And your house? Is it big?,و خانه‌ات؟ بزرگ است؟,A1
8,Colors & Descriptions,رنگ‌ها و توصیفات,"Basic adjectives: groß, klein, schön",صفات پایه: بزرگ، کوچک، زیبا,A1,4,sent,"Ja, mein Haus ist groß und weiß.","Yes, my house is big and white.",بله، خانه‌ام بزرگ و سفید است.,A1
8,Colors & Descriptions,رنگ‌ها و توصیفات,"Basic adjectives: groß, klein, schön",صفات پایه: بزرگ، کوچک، زیبا,A1,5,received,Ich mag die Farbe Rot. Und du?,I like the color red. And you?,من رنگ قرمز را دوست دارم. تو چی؟,A1
8,Colors & Descriptions,رنگ‌ها و توصیفات,"Basic adjectives: groß, klein, schön",صفات پایه: بزرگ، کوچک، زیبا,A1,6,sent,Ich mag Grün. Die Natur ist grün und schön.,I like green. Nature is green and beautiful.,من سبز را دوست دارم. طبیعت سبز و زیباست.,A1
8,Colors & Descriptions,رنگ‌ها و توصیفات,"Basic adjectives: groß, klein, schön",صفات پایه: بزرگ، کوچک، زیبا,A1,7,received,Wie sieht das Kleid aus?,What does the dress look like?,لباس چه شکلی است؟,A1
8,Colors & Descriptions,رنگ‌ها و توصیفات,"Basic adjectives: groß, klein, schön",صفات پایه: بزرگ، کوچک، زیبا,A1,8,sent,Das Kleid ist rot und lang.,The dress is red and long.,لباس قرمز و بلند است.,A1
8,Colors & Descriptions,رنگ‌ها و توصیفات,"Basic adjectives: groß, klein, schön",صفات پایه: بزرگ، کوچک، زیبا,A1,9,received,Ist der Hund groß oder klein?,Is the dog big or small?,سگ بزرگ است یا کوچک؟,A1
8,Colors & Descriptions,رنگ‌ها و توصیفات,"Basic adjectives: groß, klein, schön",صفات پایه: بزرگ، کوچک، زیبا,A1,10,sent,Der Hund ist klein und braun.,The dog is small and brown.,سگ کوچک و قهوه‌ای است.,A1
8,Colors & Descriptions,رنگ‌ها و توصیفات,"Basic adjectives: groß, klein, schön",صفات پایه: بزرگ، کوچک، زیبا,A1,11,received,Der Himmel ist heute sehr blau!,The sky is very blue today!,امروز آسمان خیلی آبی است!,A1
8,Colors & Descriptions,رنگ‌ها و توصیفات,"Basic adjectives: groß, klein, schön",صفات پایه: بزرگ، کوچک، زیبا,A1,12,sent,"Ja, und die Blumen sind gelb und lila.","Yes, and the flowers are yellow and purple.",بله، و گل‌ها زرد و بنفش هستند.,A1
9,Present Tense Regular Verbs,زمان حال افعال باقاعده,"Conjugation: machen, spielen, lernen",صرف فعل: انجام دادن، بازی کردن، یاد گرفتن,A1,1,received,Was machst du heute?,What are you doing today?,امروز چه کار می‌کنی؟,A1
9,Present Tense Regular Verbs,زمان حال افعال باقاعده,"Conjugation: machen, spielen, lernen",صرف فعل: انجام دادن، بازی کردن، یاد گرفتن,A1,2,sent,Ich lerne Deutsch und dann spiele ich Fußball.,I am learning German and then I play football.,آلمانی یاد می‌گیرم و بعد فوتبال بازی می‌کنم.,A1
9,Present Tense Regular Verbs,زمان حال افعال باقاعده,"Conjugation: machen, spielen, lernen",صرف فعل: انجام دادن، بازی کردن، یاد گرفتن,A1,3,received,Spielst du gern Fußball?,Do you like playing football?,فوتبال بازی کردن رو دوست داری؟,A1
9,Present Tense Regular Verbs,زمان حال افعال باقاعده,"Conjugation: machen, spielen, lernen",صرف فعل: انجام دادن، بازی کردن، یاد گرفتن,A1,4,sent,"Ja, ich spiele sehr gern Fußball.","Yes, I really like playing football.",بله، خیلی فوتبال بازی کردن رو دوست دارم.,A1
9,Present Tense Regular Verbs,زمان حال افعال باقاعده,"Conjugation: machen, spielen, lernen",صرف فعل: انجام دادن، بازی کردن، یاد گرفتن,A1,5,received,Wann lernst du Deutsch?,When do you learn German?,کی آلمانی یاد می‌گیری؟,A1
9,Present Tense Regular Verbs,زمان حال افعال باقاعده,"Conjugation: machen, spielen, lernen",صرف فعل: انجام دادن، بازی کردن، یاد گرفتن,A1,6,sent,Ich lerne jeden Tag zwei Stunden.,I learn two hours every day.,هر روز دو ساعت یاد می‌گیرم.,A1
9,Present Tense Regular Verbs,زمان حال افعال باقاعده,"Conjugation: machen, spielen, lernen",صرف فعل: انجام دادن، بازی کردن، یاد گرفتن,A1,7,received,Was macht dein Bruder am Wochenende?,What does your brother do on the weekend?,برادرت آخر هفته چه کار می‌کنه؟,A1
9,Present Tense Regular Verbs,زمان حال افعال باقاعده,"Conjugation: machen, spielen, lernen",صرف فعل: انجام دادن، بازی کردن، یاد گرفتن,A1,8,sent,Er arbeitet am Samstag und ruht am Sonntag.,He works on Saturday and rests on Sunday.,او شنبه کار می‌کند و یکشنبه استراحت می‌کند.,A1
9,Present Tense Regular Verbs,زمان حال افعال باقاعده,"Conjugation: machen, spielen, lernen",صرف فعل: انجام دادن، بازی کردن، یاد گرفتن,A1,9,received,Kochen Sie gern?,Do you like cooking?,آشپزی کردن رو دوست دارید؟,A1
9,Present Tense Regular Verbs,زمان حال افعال باقاعده,"Conjugation: machen, spielen, lernen",صرف فعل: انجام دادن، بازی کردن، یاد گرفتن,A1,10,sent,"Ja, ich koche gern persisches Essen.","Yes, I like cooking Persian food.",بله، آشپزی غذای ایرانی رو دوست دارم.,A1
9,Present Tense Regular Verbs,زمان حال افعال باقاعده,"Conjugation: machen, spielen, lernen",صرف فعل: انجام دادن، بازی کردن، یاد گرفتن,A1,11,received,Wir tanzen heute Abend. Kommst du mit?,We are dancing tonight. Are you coming?,امشب می‌رقصیم. تو هم می‌آیی؟,A1
9,Present Tense Regular Verbs,زمان حال افعال باقاعده,"Conjugation: machen, spielen, lernen",صرف فعل: انجام دادن، بازی کردن، یاد گرفتن,A1,12,sent,"Ja, ich komme gern mit!","Yes, I would love to come!",بله، با کمال میل می‌آیم!,A1
10,"Articles: der, die, das",حروف تعریف,Definite and indefinite articles,حروف تعریف معین و نامعین,A1,1,received,Ist das ein Buch oder eine Zeitung?,Is that a book or a newspaper?,آن یک کتاب است یا یک روزنامه؟,A1
10,"Articles: der, die, das",حروف تعریف,Definite and indefinite articles,حروف تعریف معین و نامعین,A1,2,sent,Das ist ein Buch. Das Buch ist sehr interessant.,That is a book. The book is very interesting.,آن یک کتاب است. کتاب خیلی جالب است.,A1
10,"Articles: der, die, das",حروف تعریف,Definite and indefinite articles,حروف تعریف معین و نامعین,A1,3,received,Siehst du den Mann dort?,Do you see the man there?,آن مرد را آنجا می‌بینی؟,A1
10,"Articles: der, die, das",حروف تعریف,Definite and indefinite articles,حروف تعریف معین و نامعین,A1,4,sent,"Ja, der Mann trägt einen Hut.","Yes, the man is wearing a hat.",بله، آن مرد کلاه دارد.,A1
10,"Articles: der, die, das",حروف تعریف,Definite and indefinite articles,حروف تعریف معین و نامعین,A1,5,received,Wo ist die Katze?,Where is the cat?,گربه کجاست؟,A1
10,"Articles: der, die, das",حروف تعریف,Definite and indefinite articles,حروف تعریف معین و نامعین,A1,6,sent,Die Katze ist unter dem Tisch.,The cat is under the table.,گربه زیر میز است.,A1
10,"Articles: der, die, das",حروف تعریف,Definite and indefinite articles,حروف تعریف معین و نامعین,A1,7,received,Brauchst du einen Stift?,Do you need a pen?,قلم لازم داری؟,A1
10,"Articles: der, die, das",حروف تعریف,Definite and indefinite articles,حروف تعریف معین و نامعین,A1,8,sent,"Ja, ich brauche einen Stift und ein Heft.","Yes, I need a pen and a notebook.",بله، یک قلم و یک دفتر لازم دارم.,A1
10,"Articles: der, die, das",حروف تعریف,Definite and indefinite articles,حروف تعریف معین و نامعین,A1,9,received,Der Tisch ist aus Holz. Und der Stuhl?,The table is made of wood. And the chair?,میز از چوب است. و صندلی؟,A1
10,"Articles: der, die, das",حروف تعریف,Definite and indefinite articles,حروف تعریف معین و نامعین,A1,10,sent,Der Stuhl ist auch aus Holz.,The chair is also made of wood.,صندلی هم از چوب است.,A1
10,"Articles: der, die, das",حروف تعریف,Definite and indefinite articles,حروف تعریف معین و نامعین,A1,11,received,Ist das Wasser kalt?,Is the water cold?,آب سرد است؟,A1
10,"Articles: der, die, das",حروف تعریف,Definite and indefinite articles,حروف تعریف معین و نامعین,A1,12,sent,"Nein, das Wasser ist warm.","No, the water is warm.",نه، آب گرم است.,A1
11,Food & Groceries,غذا و خواربار,Ich hätte gern... (I would like...),من می‌خواستم...,A1,1,received,Guten Tag! Was hätten Sie gern?,Good day! What would you like?,روز بخیر! چه چیزی میل دارید؟,A1
11,Food & Groceries,غذا و خواربار,Ich hätte gern... (I would like...),من می‌خواستم...,A1,2,sent,Ich hätte gern ein Kilo Äpfel.,I would like a kilo of apples.,یک کیلو سیب می‌خواستم.,A1
11,Food & Groceries,غذا و خواربار,Ich hätte gern... (I would like...),من می‌خواستم...,A1,3,received,Sonst noch etwas?,Anything else?,چیز دیگه‌ای؟,A1
11,Food & Groceries,غذا و خواربار,Ich hätte gern... (I would like...),من می‌خواستم...,A1,4,sent,"Ja, ich brauche auch Brot und Butter.","Yes, I also need bread and butter.",بله، نان و کره هم لازم دارم.,A1
11,Food & Groceries,غذا و خواربار,Ich hätte gern... (I would like...),من می‌خواستم...,A1,5,received,Das Brot kostet zwei Euro fünfzig.,The bread costs two euros fifty.,نان دو یورو و پنجاه سنت است.,A1
11,Food & Groceries,غذا و خواربار,Ich hätte gern... (I would like...),من می‌خواستم...,A1,6,sent,Haben Sie auch frische Tomaten?,Do you also have fresh tomatoes?,گوجه فرنگی تازه هم دارید؟,A1
11,Food & Groceries,غذا و خواربار,Ich hätte gern... (I would like...),من می‌خواستم...,A1,7,received,"Ja, die Tomaten sind sehr frisch heute.","Yes, the tomatoes are very fresh today.",بله، گوجه‌ها امروز خیلی تازه هستند.,A1
11,Food & Groceries,غذا و خواربار,Ich hätte gern... (I would like...),من می‌خواستم...,A1,8,sent,"Gut, ich nehme ein halbes Kilo.","Good, I will take half a kilo.",خوب، نیم کیلو می‌خواهم.,A1
11,Food & Groceries,غذا و خواربار,Ich hätte gern... (I would like...),من می‌خواستم...,A1,9,received,Möchten Sie eine Tüte?,Would you like a bag?,کیسه می‌خواهید؟,A1
11,Food & Groceries,غذا و خواربار,Ich hätte gern... (I would like...),من می‌خواستم...,A1,10,sent,"Nein danke, ich habe eine Tasche.","No thanks, I have a bag.",نه ممنون، کیف دارم.,A1
11,Food & Groceries,غذا و خواربار,Ich hätte gern... (I would like...),من می‌خواستم...,A1,11,received,Das macht zusammen sieben Euro zwanzig.,That comes to seven euros twenty altogether.,مجموعا هفت یورو و بیست سنت می‌شود.,A1
11,Food & Groceries,غذا و خواربار,Ich hätte gern... (I would like...),من می‌خواستم...,A1,12,sent,Hier bitte. Vielen Dank!,Here you go. Thank you very much!,بفرمایید. خیلی ممنون!,A1
12,Telling Time,ساعت,Wie spät ist es? Es ist...,ساعت چند است؟ ساعت...,A1,1,received,"Entschuldigung, wie spät ist es?","Excuse me, what time is it?",ببخشید، ساعت چند است؟,A1
12,Telling Time,ساعت,Wie spät ist es? Es ist...,ساعت چند است؟ ساعت...,A1,2,sent,Es ist zehn Uhr.,It is ten o'clock.,ساعت ده است.,A1
12,Telling Time,ساعت,Wie spät ist es? Es ist...,ساعت چند است؟ ساعت...,A1,3,received,Wann beginnt der Film?,When does the movie start?,فیلم کی شروع می‌شود؟,A1
12,Telling Time,ساعت,Wie spät ist es? Es ist...,ساعت چند است؟ ساعت...,A1,4,sent,Der Film beginnt um halb acht.,The movie starts at half past seven.,فیلم ساعت هفت و نیم شروع می‌شود.,A1
12,Telling Time,ساعت,Wie spät ist es? Es ist...,ساعت چند است؟ ساعت...,A1,5,received,Und wann endet er?,And when does it end?,و کی تمام می‌شود؟,A1
12,Telling Time,ساعت,Wie spät ist es? Es ist...,ساعت چند است؟ ساعت...,A1,6,sent,Er endet um Viertel vor zehn.,It ends at quarter to ten.,ساعت ده و ربع کم تمام می‌شود.,A1
12,Telling Time,ساعت,Wie spät ist es? Es ist...,ساعت چند است؟ ساعت...,A1,7,received,Um wie viel Uhr stehst du auf?,What time do you get up?,ساعت چند بیدار می‌شوی؟,A1
12,Telling Time,ساعت,Wie spät ist es? Es ist...,ساعت چند است؟ ساعت...,A1,8,sent,Ich stehe um sieben Uhr auf.,I get up at seven o'clock.,ساعت هفت بیدار می‌شوم.,A1
12,Telling Time,ساعت,Wie spät ist es? Es ist...,ساعت چند است؟ ساعت...,A1,9,received,Wann isst du Mittagessen?,When do you eat lunch?,کی ناهار می‌خوری؟,A1
12,Telling Time,ساعت,Wie spät ist es? Es ist...,ساعت چند است؟ ساعت...,A1,10,sent,Ich esse um zwölf Uhr dreißig Mittagessen.,I eat lunch at twelve thirty.,ساعت دوازده و نیم ناهار می‌خورم.,A1
12,Telling Time,ساعت,Wie spät ist es? Es ist...,ساعت چند است؟ ساعت...,A1,11,received,Der Zug kommt um Viertel nach drei.,The train comes at quarter past three.,قطار ساعت سه و ربع می‌آید.,A1
12,Telling Time,ساعت,Wie spät ist es? Es ist...,ساعت چند است؟ ساعت...,A1,12,sent,Danke! Dann habe ich noch Zeit.,Thanks! Then I still have time.,ممنون! پس هنوز وقت دارم.,A1
13,Weather,آب و هوا,Es ist... + weather adjectives,هوا... است + صفات آب و هوا,A1,1,received,Wie ist das Wetter heute?,How is the weather today?,هوا امروز چطور است؟,A1
13,Weather,آب و هوا,Es ist... + weather adjectives,هوا... است + صفات آب و هوا,A1,2,sent,Es ist sonnig und warm.,It is sunny and warm.,هوا آفتابی و گرم است.,A1
13,Weather,آب و هوا,Es ist... + weather adjectives,هوا... است + صفات آب و هوا,A1,3,received,Scheint die Sonne?,Is the sun shining?,آفتاب می‌تابد؟,A1
13,Weather,آب و هوا,Es ist... + weather adjectives,هوا... است + صفات آب و هوا,A1,4,sent,"Ja, die Sonne scheint und es ist fünfundzwanzig Grad.","Yes, the sun is shining and it is twenty-five degrees.",بله، آفتاب می‌تابد و بیست و پنج درجه است.,A1
13,Weather,آب و هوا,Es ist... + weather adjectives,هوا... است + صفات آب و هوا,A1,5,received,Regnet es morgen?,Will it rain tomorrow?,فردا باران می‌بارد؟,A1
13,Weather,آب و هوا,Es ist... + weather adjectives,هوا... است + صفات آب و هوا,A1,6,sent,"Ja, morgen regnet es und es wird kalt.","Yes, tomorrow it will rain and it will be cold.",بله، فردا باران می‌بارد و سرد می‌شود.,A1
13,Weather,آب و هوا,Es ist... + weather adjectives,هوا... است + صفات آب و هوا,A1,7,received,Was ist deine Lieblingsjahreszeit?,What is your favorite season?,فصل مورد علاقه‌ات چیه؟,A1
13,Weather,آب و هوا,Es ist... + weather adjectives,هوا... است + صفات آب و هوا,A1,8,sent,Ich mag den Frühling. Es ist nicht zu heiß und nicht zu kalt.,I like spring. It is not too hot and not too cold.,من بهار را دوست دارم. نه خیلی گرم است نه خیلی سرد.,A1
13,Weather,آب و هوا,Es ist... + weather adjectives,هوا... است + صفات آب و هوا,A1,9,received,Im Winter schneit es oft in Deutschland.,In winter it often snows in Germany.,در زمستان در آلمان اغلب برف می‌بارد.,A1
13,Weather,آب و هوا,Es ist... + weather adjectives,هوا... است + صفات آب و هوا,A1,10,sent,Schneit es auch in München?,Does it also snow in Munich?,در مونیخ هم برف می‌بارد؟,A1
13,Weather,آب و هوا,Es ist... + weather adjectives,هوا... است + صفات آب و هوا,A1,11,received,"Ja, im Dezember und Januar schneit es viel.","Yes, in December and January it snows a lot.",بله، در دسامبر و ژانویه خیلی برف می‌بارد.,A1
13,Weather,آب و هوا,Es ist... + weather adjectives,هوا... است + صفات آب و هوا,A1,12,sent,Im Iran ist der Sommer sehr heiß.,In Iran the summer is very hot.,در ایران تابستان خیلی گرم است.,A1
14,Hobbies & Free Time,سرگرمی‌ها و اوقات فراغت,Verb + gern: Ich spiele gern...,فعل + با میل: من با میل بازی می‌کنم...,A1,1,received,Was machst du in deiner Freizeit?,What do you do in your free time?,اوقات فراغتت چه کار می‌کنی؟,A1
14,Hobbies & Free Time,سرگرمی‌ها و اوقات فراغت,Verb + gern: Ich spiele gern...,فعل + با میل: من با میل بازی می‌کنم...,A1,2,sent,Ich lese gern Bücher und höre Musik.,I like reading books and listening to music.,کتاب خواندن و موسیقی گوش دادن را دوست دارم.,A1
14,Hobbies & Free Time,سرگرمی‌ها و اوقات فراغت,Verb + gern: Ich spiele gern...,فعل + با میل: من با میل بازی می‌کنم...,A1,3,received,Welche Musik hörst du gern?,What music do you like listening to?,چه موسیقی‌ای گوش می‌دهی؟,A1
14,Hobbies & Free Time,سرگرمی‌ها و اوقات فراغت,Verb + gern: Ich spiele gern...,فعل + با میل: من با میل بازی می‌کنم...,A1,4,sent,Ich höre gern Pop und klassische Musik.,I like listening to pop and classical music.,پاپ و موسیقی کلاسیک گوش می‌دهم.,A1
14,Hobbies & Free Time,سرگرمی‌ها و اوقات فراغت,Verb + gern: Ich spiele gern...,فعل + با میل: من با میل بازی می‌کنم...,A1,5,received,Treibst du Sport?,Do you do sports?,ورزش می‌کنی؟,A1
14,Hobbies & Free Time,سرگرمی‌ها و اوقات فراغت,Verb + gern: Ich spiele gern...,فعل + با میل: من با میل بازی می‌کنم...,A1,6,sent,"Ja, ich schwimme gern und fahre Fahrrad.","Yes, I like swimming and riding my bike.",بله، شنا کردن و دوچرخه‌سواری را دوست دارم.,A1
14,Hobbies & Free Time,سرگرمی‌ها و اوقات فراغت,Verb + gern: Ich spiele gern...,فعل + با میل: من با میل بازی می‌کنم...,A1,7,received,Spielst du ein Instrument?,Do you play an instrument?,آیا سازی می‌زنی؟,A1
14,Hobbies & Free Time,سرگرمی‌ها و اوقات فراغت,Verb + gern: Ich spiele gern...,فعل + با میل: من با میل بازی می‌کنم...,A1,8,sent,"Ja, ich spiele Gitarre.","Yes, I play guitar.",بله، گیتار می‌زنم.,A1
14,Hobbies & Free Time,سرگرمی‌ها و اوقات فراغت,Verb + gern: Ich spiele gern...,فعل + با میل: من با میل بازی می‌کنم...,A1,9,received,Wie oft gehst du ins Kino?,How often do you go to the cinema?,چند وقت یکبار سینما می‌روی؟,A1
14,Hobbies & Free Time,سرگرمی‌ها و اوقات فراغت,Verb + gern: Ich spiele gern...,فعل + با میل: من با میل بازی می‌کنم...,A1,10,sent,Ich gehe einmal pro Woche ins Kino.,I go to the cinema once a week.,هفته‌ای یکبار سینما می‌روم.,A1
14,Hobbies & Free Time,سرگرمی‌ها و اوقات فراغت,Verb + gern: Ich spiele gern...,فعل + با میل: من با میل بازی می‌کنم...,A1,11,received,Malst du auch gern?,Do you also like painting?,نقاشی هم دوست داری؟,A1
14,Hobbies & Free Time,سرگرمی‌ها و اوقات فراغت,Verb + gern: Ich spiele gern...,فعل + با میل: من با میل بازی می‌کنم...,A1,12,sent,"Nein, ich male nicht gern, aber ich fotografiere gern.","No, I don't like painting, but I like photography.",نه، نقاشی دوست ندارم، ولی عکاسی را دوست دارم.,A1
15,At the Restaurant,در رستوران,Accusative case basics: Ich nehme den/die/das,حالت مفعولی پایه: من ... را می‌گیرم,A1,1,received,Guten Abend! Haben Sie reserviert?,Good evening! Have you reserved?,عصر بخیر! رزرو کرده‌اید؟,A1
15,At the Restaurant,در رستوران,Accusative case basics: Ich nehme den/die/das,حالت مفعولی پایه: من ... را می‌گیرم,A1,2,sent,"Ja, auf den Namen Ahmadi für zwei Personen.","Yes, under the name Ahmadi for two people.",بله، به نام احمدی برای دو نفر.,A1
15,At the Restaurant,در رستوران,Accusative case basics: Ich nehme den/die/das,حالت مفعولی پایه: من ... را می‌گیرم,A1,3,received,"Bitte sehr, hier ist Ihre Speisekarte.","Here you go, here is your menu.",بفرمایید، اینم منوی شما.,A1
15,At the Restaurant,در رستوران,Accusative case basics: Ich nehme den/die/das,حالت مفعولی پایه: من ... را می‌گیرم,A1,4,sent,Danke. Was empfehlen Sie?,Thanks. What do you recommend?,ممنون. چه پیشنهادی دارید؟,A1
15,At the Restaurant,در رستوران,Accusative case basics: Ich nehme den/die/das,حالت مفعولی پایه: من ... را می‌گیرم,A1,5,received,Das Wiener Schnitzel ist heute sehr gut.,The Wiener Schnitzel is very good today.,شنیتسل وینی امروز خیلی خوب است.,A1
15,At the Restaurant,در رستوران,Accusative case basics: Ich nehme den/die/das,حالت مفعولی پایه: من ... را می‌گیرم,A1,6,sent,"Gut, ich nehme das Schnitzel mit Pommes.","Good, I will take the schnitzel with fries.",خوب، من شنیتسل با سیب‌زمینی سرخ‌شده می‌خواهم.,A1
15,At the Restaurant,در رستوران,Accusative case basics: Ich nehme den/die/das,حالت مفعولی پایه: من ... را می‌گیرم,A1,7,received,Und was möchten Sie trinken?,And what would you like to drink?,و چه نوشیدنی میل دارید؟,A1
15,At the Restaurant,در رستوران,Accusative case basics: Ich nehme den/die/das,حالت مفعولی پایه: من ... را می‌گیرم,A1,8,sent,Ich nehme ein Wasser und einen Apfelsaft.,I will take a water and an apple juice.,یک آب و یک آب سیب می‌خواهم.,A1
15,At the Restaurant,در رستوران,Accusative case basics: Ich nehme den/die/das,حالت مفعولی پایه: من ... را می‌گیرم,A1,9,received,Möchten Sie auch eine Vorspeise?,Would you also like a starter?,پیش‌غذا هم میل دارید؟,A1
15,At the Restaurant,در رستوران,Accusative case basics: Ich nehme den/die/das,حالت مفعولی پایه: من ... را می‌گیرم,A1,10,sent,"Ja, ich nehme die Tomatensuppe.","Yes, I will take the tomato soup.",بله، سوپ گوجه می‌خواهم.,A1
15,At the Restaurant,در رستوران,Accusative case basics: Ich nehme den/die/das,حالت مفعولی پایه: من ... را می‌گیرم,A1,11,received,Hat es Ihnen geschmeckt?,Did you enjoy it?,خوشتان آمد؟,A1
15,At the Restaurant,در رستوران,Accusative case basics: Ich nehme den/die/das,حالت مفعولی پایه: من ... را می‌گیرم,A1,12,sent,"Ja, sehr lecker! Die Rechnung, bitte.","Yes, very tasty! The bill, please.",بله، خیلی خوشمزه بود! صورتحساب، لطفا.,A1
16,Directions,مسیریابی,"Imperative basics: Gehen Sie..., Biegen Sie ab...",امری پایه: بروید...، بپیچید...,A1,1,received,"Entschuldigung, wo ist der Bahnhof?","Excuse me, where is the train station?",ببخشید، ایستگاه قطار کجاست؟,A1
16,Directions,مسیریابی,"Imperative basics: Gehen Sie..., Biegen Sie ab...",امری پایه: بروید...، بپیچید...,A1,2,sent,Gehen Sie geradeaus und dann links.,Go straight ahead and then left.,مستقیم بروید و بعد بپیچید چپ.,A1
16,Directions,مسیریابی,"Imperative basics: Gehen Sie..., Biegen Sie ab...",امری پایه: بروید...، بپیچید...,A1,3,received,Ist es weit von hier?,Is it far from here?,از اینجا دور است؟,A1
16,Directions,مسیریابی,"Imperative basics: Gehen Sie..., Biegen Sie ab...",امری پایه: بروید...، بپیچید...,A1,4,sent,"Nein, es ist nur fünf Minuten zu Fuß.","No, it is only five minutes on foot.",نه، فقط پنج دقیقه پیاده است.,A1
16,Directions,مسیریابی,"Imperative basics: Gehen Sie..., Biegen Sie ab...",امری پایه: بروید...، بپیچید...,A1,5,received,Und wo ist die nächste Apotheke?,And where is the nearest pharmacy?,و نزدیک‌ترین داروخانه کجاست؟,A1
16,Directions,مسیریابی,"Imperative basics: Gehen Sie..., Biegen Sie ab...",امری پایه: بروید...، بپیچید...,A1,6,sent,Biegen Sie an der Ampel rechts ab.,Turn right at the traffic light.,سر چراغ راهنمایی بپیچید راست.,A1
16,Directions,مسیریابی,"Imperative basics: Gehen Sie..., Biegen Sie ab...",امری پایه: بروید...، بپیچید...,A1,7,received,Gibt es hier in der Nähe einen Supermarkt?,Is there a supermarket nearby?,اینجا نزدیکی سوپرمارکت هست؟,A1
16,Directions,مسیریابی,"Imperative basics: Gehen Sie..., Biegen Sie ab...",امری پایه: بروید...، بپیچید...,A1,8,sent,"Ja, der Supermarkt ist gegenüber vom Park.","Yes, the supermarket is opposite the park.",بله، سوپرمارکت روبروی پارک است.,A1
16,Directions,مسیریابی,"Imperative basics: Gehen Sie..., Biegen Sie ab...",امری پایه: بروید...، بپیچید...,A1,9,received,Wie komme ich zum Krankenhaus?,How do I get to the hospital?,چطور به بیمارستان بروم؟,A1
16,Directions,مسیریابی,"Imperative basics: Gehen Sie..., Biegen Sie ab...",امری پایه: بروید...، بپیچید...,A1,10,sent,Nehmen Sie die zweite Straße rechts.,Take the second street on the right.,خیابان دوم سمت راست را بگیرید.,A1
16,Directions,مسیریابی,"Imperative basics: Gehen Sie..., Biegen Sie ab...",امری پایه: بروید...، بپیچید...,A1,11,received,Kann ich auch den Bus nehmen?,Can I also take the bus?,اتوبوس هم می‌توانم بگیرم؟,A1
16,Directions,مسیریابی,"Imperative basics: Gehen Sie..., Biegen Sie ab...",امری پایه: بروید...، بپیچید...,A1,12,sent,"Ja, die Bushaltestelle ist dort drüben.","Yes, the bus stop is over there.",بله، ایستگاه اتوبوس آن‌طرف است.,A1
17,Body Parts & Health,اعضای بدن و سلامت,Mein/Meine... tut/tun weh,...من درد می‌کند,A1,1,received,Guten Tag! Was fehlt Ihnen?,Good day! What is wrong?,روز بخیر! مشکلتان چیست؟,A1
17,Body Parts & Health,اعضای بدن و سلامت,Mein/Meine... tut/tun weh,...من درد می‌کند,A1,2,sent,Mein Kopf tut weh.,My head hurts.,سرم درد می‌کند.,A1
17,Body Parts & Health,اعضای بدن و سلامت,Mein/Meine... tut/tun weh,...من درد می‌کند,A1,3,received,Haben Sie auch Fieber?,Do you also have a fever?,تب هم دارید؟,A1
17,Body Parts & Health,اعضای بدن و سلامت,Mein/Meine... tut/tun weh,...من درد می‌کند,A1,4,sent,"Ja, ich habe Fieber und Halsschmerzen.","Yes, I have a fever and a sore throat.",بله، تب دارم و گلودرد دارم.,A1
17,Body Parts & Health,اعضای بدن و سلامت,Mein/Meine... tut/tun weh,...من درد می‌کند,A1,5,received,Seit wann haben Sie die Schmerzen?,Since when do you have the pain?,از کی درد دارید؟,A1
17,Body Parts & Health,اعضای بدن و سلامت,Mein/Meine... tut/tun weh,...من درد می‌کند,A1,6,sent,Seit zwei Tagen.,For two days.,از دو روز پیش.,A1
17,Body Parts & Health,اعضای بدن و سلامت,Mein/Meine... tut/tun weh,...من درد می‌کند,A1,7,received,Tut auch Ihr Bauch weh?,Does your stomach also hurt?,شکمتان هم درد می‌کند؟,A1
17,Body Parts & Health,اعضای بدن و سلامت,Mein/Meine... tut/tun weh,...من درد می‌کند,A1,8,sent,"Nein, aber mein Rücken tut weh.","No, but my back hurts.",نه، ولی کمرم درد می‌کند.,A1
17,Body Parts & Health,اعضای بدن و سلامت,Mein/Meine... tut/tun weh,...من درد می‌کند,A1,9,received,Nehmen Sie diese Tabletten dreimal am Tag.,Take these tablets three times a day.,این قرص‌ها را روزی سه بار بخورید.,A1
17,Body Parts & Health,اعضای بدن و سلامت,Mein/Meine... tut/tun weh,...من درد می‌کند,A1,10,sent,Muss ich im Bett bleiben?,Do I have to stay in bed?,باید در تخت بمانم؟,A1
17,Body Parts & Health,اعضای بدن و سلامت,Mein/Meine... tut/tun weh,...من درد می‌کند,A1,11,received,"Ja, Sie sollen viel schlafen und Tee trinken.","Yes, you should sleep a lot and drink tea.",بله، باید زیاد بخوابید و چای بنوشید.,A1
17,Body Parts & Health,اعضای بدن و سلامت,Mein/Meine... tut/tun weh,...من درد می‌کند,A1,12,sent,"Danke, Herr Doktor. Auf Wiedersehen.","Thank you, Doctor. Goodbye.",ممنون، آقای دکتر. خداحافظ.,A1
18,Clothes & Shopping,لباس و خرید,Adjective + noun agreement basics,تطابق صفت و اسم پایه,A1,1,received,Kann ich Ihnen helfen?,Can I help you?,می‌توانم کمکتان کنم؟,A1
18,Clothes & Shopping,لباس و خرید,Adjective + noun agreement basics,تطابق صفت و اسم پایه,A1,2,sent,"Ja, ich suche eine warme Jacke.","Yes, I am looking for a warm jacket.",بله، دنبال یک ژاکت گرم می‌گردم.,A1
18,Clothes & Shopping,لباس و خرید,Adjective + noun agreement basics,تطابق صفت و اسم پایه,A1,3,received,Welche Größe tragen Sie?,What size do you wear?,چه سایزی می‌پوشید؟,A1
18,Clothes & Shopping,لباس و خرید,Adjective + noun agreement basics,تطابق صفت و اسم پایه,A1,4,sent,Ich trage Größe M.,I wear size M.,سایز ام می‌پوشم.,A1
18,Clothes & Shopping,لباس و خرید,Adjective + noun agreement basics,تطابق صفت و اسم پایه,A1,5,received,Diese blaue Jacke ist sehr schön.,This blue jacket is very nice.,این ژاکت آبی خیلی قشنگ است.,A1
18,Clothes & Shopping,لباس و خرید,Adjective + noun agreement basics,تطابق صفت و اسم پایه,A1,6,sent,Kann ich sie anprobieren?,Can I try it on?,می‌توانم امتحانش کنم؟,A1
18,Clothes & Shopping,لباس و خرید,Adjective + noun agreement basics,تطابق صفت و اسم پایه,A1,7,received,Natürlich! Die Umkleidekabine ist dort.,Of course! The fitting room is there.,البته! اتاق پرو آنجاست.,A1
18,Clothes & Shopping,لباس و خرید,Adjective + noun agreement basics,تطابق صفت و اسم پایه,A1,8,sent,Die Jacke passt gut. Wie viel kostet sie?,The jacket fits well. How much does it cost?,ژاکت خوب اندازه است. چقدر قیمتش است؟,A1
18,Clothes & Shopping,لباس و خرید,Adjective + noun agreement basics,تطابق صفت و اسم پایه,A1,9,received,Sie kostet neunundsiebzig Euro.,It costs seventy-nine euros.,هفتاد و نه یورو است.,A1
18,Clothes & Shopping,لباس و خرید,Adjective + noun agreement basics,تطابق صفت و اسم پایه,A1,10,sent,Haben Sie auch schwarze Schuhe?,Do you also have black shoes?,کفش مشکی هم دارید؟,A1
18,Clothes & Shopping,لباس و خرید,Adjective + noun agreement basics,تطابق صفت و اسم پایه,A1,11,received,"Ja, wir haben diese schwarzen Schuhe in Größe 42.","Yes, we have these black shoes in size 42.",بله، این کفش‌های مشکی را در سایز ۴۲ داریم.,A1
18,Clothes & Shopping,لباس و خرید,Adjective + noun agreement basics,تطابق صفت و اسم پایه,A1,12,sent,Ich nehme die Jacke und die Schuhe.,I will take the jacket and the shoes.,ژاکت و کفش‌ها را می‌خواهم.,A1
19,Home & Rooms,خانه و اتاق‌ها,Es gibt... (There is/are...),... وجود دارد / هست,A1,1,received,Wie ist deine Wohnung?,How is your apartment?,آپارتمانت چطور است؟,A1
19,Home & Rooms,خانه و اتاق‌ها,Es gibt... (There is/are...),... وجود دارد / هست,A1,2,sent,"Meine Wohnung hat drei Zimmer, eine Küche und ein Bad.","My apartment has three rooms, a kitchen and a bathroom.",آپارتمانم سه اتاق، یک آشپزخانه و یک حمام دارد.,A1
19,Home & Rooms,خانه و اتاق‌ها,Es gibt... (There is/are...),... وجود دارد / هست,A1,3,received,Gibt es auch einen Balkon?,Is there also a balcony?,بالکن هم دارد؟,A1
19,Home & Rooms,خانه و اتاق‌ها,Es gibt... (There is/are...),... وجود دارد / هست,A1,4,sent,"Ja, es gibt einen kleinen Balkon.","Yes, there is a small balcony.",بله، یک بالکن کوچک دارد.,A1
19,Home & Rooms,خانه و اتاق‌ها,Es gibt... (There is/are...),... وجود دارد / هست,A1,5,received,Was steht im Wohnzimmer?,What is in the living room?,توی اتاق نشیمن چی هست؟,A1
19,Home & Rooms,خانه و اتاق‌ها,Es gibt... (There is/are...),... وجود دارد / هست,A1,6,sent,"Im Wohnzimmer gibt es ein Sofa, einen Tisch und einen Fernseher.","In the living room there is a sofa, a table and a TV.",در اتاق نشیمن یک مبل، یک میز و یک تلویزیون هست.,A1
19,Home & Rooms,خانه و اتاق‌ها,Es gibt... (There is/are...),... وجود دارد / هست,A1,7,received,Und dein Schlafzimmer?,And your bedroom?,و اتاق خوابت؟,A1
19,Home & Rooms,خانه و اتاق‌ها,Es gibt... (There is/are...),... وجود دارد / هست,A1,8,sent,Im Schlafzimmer steht ein Bett und ein Schrank.,In the bedroom there is a bed and a wardrobe.,در اتاق خواب یک تخت و یک کمد هست.,A1
19,Home & Rooms,خانه و اتاق‌ها,Es gibt... (There is/are...),... وجود دارد / هست,A1,9,received,Ist die Küche groß?,Is the kitchen big?,آشپزخانه بزرگ است؟,A1
19,Home & Rooms,خانه و اتاق‌ها,Es gibt... (There is/are...),... وجود دارد / هست,A1,10,sent,"Nein, die Küche ist klein, aber es gibt einen Herd und einen Kühlschrank.","No, the kitchen is small, but there is a stove and a fridge.",نه، آشپزخانه کوچک است ولی یک اجاق و یک یخچال دارد.,A1
19,Home & Rooms,خانه و اتاق‌ها,Es gibt... (There is/are...),... وجود دارد / هست,A1,11,received,Wie viel Miete zahlst du?,How much rent do you pay?,چقدر اجاره می‌دهی؟,A1
19,Home & Rooms,خانه و اتاق‌ها,Es gibt... (There is/are...),... وجود دارد / هست,A1,12,sent,Ich zahle fünfhundert Euro pro Monat.,I pay five hundred euros per month.,ماهی پانصد یورو اجاره می‌دهم.,A1
20,Daily Routine,برنامه روزانه,"Reflexive verbs basics: sich waschen, sich anziehen",افعال انعکاسی پایه: خود را شستن، لباس پوشیدن,A1,1,received,Wann stehst du morgens auf?,When do you get up in the morning?,صبح‌ها کی بیدار می‌شوی؟,A1
20,Daily Routine,برنامه روزانه,"Reflexive verbs basics: sich waschen, sich anziehen",افعال انعکاسی پایه: خود را شستن، لباس پوشیدن,A1,2,sent,Ich stehe um sechs Uhr auf.,I get up at six o'clock.,ساعت شش بیدار می‌شوم.,A1
20,Daily Routine,برنامه روزانه,"Reflexive verbs basics: sich waschen, sich anziehen",افعال انعکاسی پایه: خود را شستن، لباس پوشیدن,A1,3,received,Was machst du dann?,What do you do then?,بعد چه کار می‌کنی؟,A1
20,Daily Routine,برنامه روزانه,"Reflexive verbs basics: sich waschen, sich anziehen",افعال انعکاسی پایه: خود را شستن، لباس پوشیدن,A1,4,sent,Zuerst dusche ich mich und dann ziehe ich mich an.,First I shower and then I get dressed.,اول دوش می‌گیرم و بعد لباس می‌پوشم.,A1
20,Daily Routine,برنامه روزانه,"Reflexive verbs basics: sich waschen, sich anziehen",افعال انعکاسی پایه: خود را شستن، لباس پوشیدن,A1,5,received,Wann frühstückst du?,When do you eat breakfast?,کی صبحانه می‌خوری؟,A1
20,Daily Routine,برنامه روزانه,"Reflexive verbs basics: sich waschen, sich anziehen",افعال انعکاسی پایه: خود را شستن، لباس پوشیدن,A1,6,sent,Ich frühstücke um halb sieben.,I eat breakfast at half past six.,ساعت شش و نیم صبحانه می‌خورم.,A1
20,Daily Routine,برنامه روزانه,"Reflexive verbs basics: sich waschen, sich anziehen",افعال انعکاسی پایه: خود را شستن، لباس پوشیدن,A1,7,received,Was isst du zum Frühstück?,What do you eat for breakfast?,صبحانه چی می‌خوری؟,A1
20,Daily Routine,برنامه روزانه,"Reflexive verbs basics: sich waschen, sich anziehen",افعال انعکاسی پایه: خود را شستن، لباس پوشیدن,A1,8,sent,Ich esse Brot mit Käse und trinke Tee.,I eat bread with cheese and drink tea.,نان با پنیر می‌خورم و چای می‌نوشم.,A1
20,Daily Routine,برنامه روزانه,"Reflexive verbs basics: sich waschen, sich anziehen",افعال انعکاسی پایه: خود را شستن، لباس پوشیدن,A1,9,received,Wann gehst du zur Arbeit?,When do you go to work?,کی می‌روی سر کار؟,A1
20,Daily Routine,برنامه روزانه,"Reflexive verbs basics: sich waschen, sich anziehen",افعال انعکاسی پایه: خود را شستن، لباس پوشیدن,A1,10,sent,Ich fahre um acht Uhr mit dem Bus zur Arbeit.,I go to work by bus at eight o'clock.,ساعت هشت با اتوبوس می‌روم سر کار.,A1
20,Daily Routine,برنامه روزانه,"Reflexive verbs basics: sich waschen, sich anziehen",افعال انعکاسی پایه: خود را شستن، لباس پوشیدن,A1,11,received,Was machst du am Abend?,What do you do in the evening?,شب‌ها چه کار می‌کنی؟,A1
20,Daily Routine,برنامه روزانه,"Reflexive verbs basics: sich waschen, sich anziehen",افعال انعکاسی پایه: خود را شستن، لباس پوشیدن,A1,12,sent,"Abends koche ich, sehe fern und gehe um elf Uhr schlafen.","In the evening I cook, watch TV and go to sleep at eleven.",شب‌ها آشپزی می‌کنم، تلویزیون می‌بینم و ساعت یازده می‌خوابم.,A1
21,Irregular Verbs: sein & haben,افعال بی‌قاعده: بودن و داشتن,Conjugation of sein and haben,صرف فعل بودن و داشتن,A1,1,received,Bist du müde?,Are you tired?,خسته‌ای؟,A1
21,Irregular Verbs: sein & haben,افعال بی‌قاعده: بودن و داشتن,Conjugation of sein and haben,صرف فعل بودن و داشتن,A1,2,sent,"Ja, ich bin sehr müde. Ich habe viel gearbeitet.","Yes, I am very tired. I have worked a lot.",بله، خیلی خسته‌ام. زیاد کار کرده‌ام.,A1
21,Irregular Verbs: sein & haben,افعال بی‌قاعده: بودن و داشتن,Conjugation of sein and haben,صرف فعل بودن و داشتن,A1,3,received,Haben Sie Kinder?,Do you have children?,بچه دارید؟,A1
21,Irregular Verbs: sein & haben,افعال بی‌قاعده: بودن و داشتن,Conjugation of sein and haben,صرف فعل بودن و داشتن,A1,4,sent,"Ja, wir haben zwei Kinder. Sie sind fünf und sieben Jahre alt.","Yes, we have two children. They are five and seven years old.",بله، دو بچه داریم. پنج و هفت ساله هستند.,A1
21,Irregular Verbs: sein & haben,افعال بی‌قاعده: بودن و داشتن,Conjugation of sein and haben,صرف فعل بودن و داشتن,A1,5,received,Wo ist dein Bruder jetzt?,Where is your brother now?,برادرت الان کجاست؟,A1
21,Irregular Verbs: sein & haben,افعال بی‌قاعده: بودن و داشتن,Conjugation of sein and haben,صرف فعل بودن و داشتن,A1,6,sent,Er ist in der Schule. Er hat heute Unterricht.,He is at school. He has class today.,او در مدرسه است. امروز کلاس دارد.,A1
21,Irregular Verbs: sein & haben,افعال بی‌قاعده: بودن و داشتن,Conjugation of sein and haben,صرف فعل بودن و داشتن,A1,7,received,Seid ihr Studenten?,Are you students?,شما دانشجو هستید؟,A1
21,Irregular Verbs: sein & haben,افعال بی‌قاعده: بودن و داشتن,Conjugation of sein and haben,صرف فعل بودن و داشتن,A1,8,sent,"Ja, wir sind Studenten an der Universität München.","Yes, we are students at the University of Munich.",بله، ما دانشجوی دانشگاه مونیخ هستیم.,A1
21,Irregular Verbs: sein & haben,افعال بی‌قاعده: بودن و داشتن,Conjugation of sein and haben,صرف فعل بودن و داشتن,A1,9,received,Haben Sie Hunger?,Are you hungry?,گرسنه هستید؟,A1
21,Irregular Verbs: sein & haben,افعال بی‌قاعده: بودن و داشتن,Conjugation of sein and haben,صرف فعل بودن و داشتن,A1,10,sent,"Ja, ich habe großen Hunger und auch Durst.","Yes, I am very hungry and also thirsty.",بله، خیلی گرسنه‌ام و تشنه هم هستم.,A1
21,Irregular Verbs: sein & haben,افعال بی‌قاعده: بودن و داشتن,Conjugation of sein and haben,صرف فعل بودن و داشتن,A1,11,received,"Wir sind froh, dass du hier bist!",We are happy that you are here!,خوشحالیم که اینجایی!,A1
21,Irregular Verbs: sein & haben,افعال بی‌قاعده: بودن و داشتن,Conjugation of sein and haben,صرف فعل بودن و داشتن,A1,12,sent,Ich bin auch froh. Ihr seid sehr nett.,I am also happy. You are very nice.,من هم خوشحالم. شما خیلی مهربان هستید.,A1
22,Negation,منفی‌سازی,nicht vs. kein/keine,nicht در مقابل kein/keine,A1,1,received,Trinkst du Kaffee?,Do you drink coffee?,قهوه می‌نوشی؟,A1
22,Negation,منفی‌سازی,nicht vs. kein/keine,nicht در مقابل kein/keine,A1,2,sent,"Nein, ich trinke keinen Kaffee. Ich trinke lieber Tee.","No, I don't drink coffee. I prefer tea.",نه، قهوه نمی‌نوشم. ترجیح می‌دهم چای بنوشم.,A1
22,Negation,منفی‌سازی,nicht vs. kein/keine,nicht در مقابل kein/keine,A1,3,received,Hast du ein Auto?,Do you have a car?,ماشین داری؟,A1
22,Negation,منفی‌سازی,nicht vs. kein/keine,nicht در مقابل kein/keine,A1,4,sent,"Nein, ich habe kein Auto. Ich fahre mit dem Bus.","No, I don't have a car. I go by bus.",نه، ماشین ندارم. با اتوبوس می‌روم.,A1
22,Negation,منفی‌سازی,nicht vs. kein/keine,nicht در مقابل kein/keine,A1,5,received,Kommst du aus Deutschland?,Do you come from Germany?,اهل آلمان هستی؟,A1
22,Negation,منفی‌سازی,nicht vs. kein/keine,nicht در مقابل kein/keine,A1,6,sent,"Nein, ich komme nicht aus Deutschland. Ich komme aus dem Iran.","No, I don't come from Germany. I come from Iran.",نه، اهل آلمان نیستم. من اهل ایران هستم.,A1
22,Negation,منفی‌سازی,nicht vs. kein/keine,nicht در مقابل kein/keine,A1,7,received,Verstehst du das Wort?,Do you understand the word?,این کلمه را می‌فهمی؟,A1
22,Negation,منفی‌سازی,nicht vs. kein/keine,nicht در مقابل kein/keine,A1,8,sent,"Nein, ich verstehe das Wort nicht. Was bedeutet es?","No, I don't understand the word. What does it mean?",نه، کلمه را نمی‌فهمم. معنی‌اش چیه؟,A1
22,Negation,منفی‌سازی,nicht vs. kein/keine,nicht در مقابل kein/keine,A1,9,received,Gibt es hier ein Restaurant?,Is there a restaurant here?,اینجا رستوران هست؟,A1
22,Negation,منفی‌سازی,nicht vs. kein/keine,nicht در مقابل kein/keine,A1,10,sent,"Nein, hier gibt es kein Restaurant, aber es gibt ein Café.","No, there is no restaurant here, but there is a café.",نه، اینجا رستوران نیست، ولی یک کافه هست.,A1
22,Negation,منفی‌سازی,nicht vs. kein/keine,nicht در مقابل kein/keine,A1,11,received,Ist das Wetter schön?,Is the weather nice?,هوا خوب است؟,A1
22,Negation,منفی‌سازی,nicht vs. kein/keine,nicht در مقابل kein/keine,A1,12,sent,"Nein, das Wetter ist nicht schön. Es regnet.","No, the weather is not nice. It is raining.",نه، هوا خوب نیست. باران می‌بارد.,A1
23,Yes/No Questions,سوالات بله/خیر,Verb-first question formation,ساختار سوالی با فعل در ابتدا,A1,1,received,Sprechen Sie Englisch?,Do you speak English?,انگلیسی صحبت می‌کنید؟,A1
23,Yes/No Questions,سوالات بله/خیر,Verb-first question formation,ساختار سوالی با فعل در ابتدا,A1,2,sent,"Ja, ich spreche ein bisschen Englisch.","Yes, I speak a little English.",بله، کمی انگلیسی صحبت می‌کنم.,A1
23,Yes/No Questions,سوالات بله/خیر,Verb-first question formation,ساختار سوالی با فعل در ابتدا,A1,3,received,Wohnen Sie in München?,Do you live in Munich?,در مونیخ زندگی می‌کنید؟,A1
23,Yes/No Questions,سوالات بله/خیر,Verb-first question formation,ساختار سوالی با فعل در ابتدا,A1,4,sent,"Nein, ich wohne nicht in München, sondern in Berlin.","No, I don't live in Munich, but in Berlin.",نه، در مونیخ زندگی نمی‌کنم، بلکه در برلین.,A1
23,Yes/No Questions,سوالات بله/خیر,Verb-first question formation,ساختار سوالی با فعل در ابتدا,A1,5,received,Haben Sie heute Zeit?,Do you have time today?,امروز وقت دارید؟,A1
23,Yes/No Questions,سوالات بله/خیر,Verb-first question formation,ساختار سوالی با فعل در ابتدا,A1,6,sent,"Ja, ich habe heute Nachmittag Zeit.","Yes, I have time this afternoon.",بله، امروز بعدازظهر وقت دارم.,A1
23,Yes/No Questions,سوالات بله/خیر,Verb-first question formation,ساختار سوالی با فعل در ابتدا,A1,7,received,Möchten Sie mitkommen?,Would you like to come along?,میل دارید بیایید؟,A1
23,Yes/No Questions,سوالات بله/خیر,Verb-first question formation,ساختار سوالی با فعل در ابتدا,A1,8,sent,"Ja, gern! Wohin gehen wir?","Yes, gladly! Where are we going?",بله، با کمال میل! کجا می‌رویم؟,A1
23,Yes/No Questions,سوالات بله/خیر,Verb-first question formation,ساختار سوالی با فعل در ابتدا,A1,9,received,Kennen Sie diesen Film?,Do you know this movie?,این فیلم را می‌شناسید؟,A1
23,Yes/No Questions,سوالات بله/خیر,Verb-first question formation,ساختار سوالی با فعل در ابتدا,A1,10,sent,"Nein, ich kenne den Film nicht. Ist er gut?","No, I don't know the movie. Is it good?",نه، فیلم را نمی‌شناسم. خوب است؟,A1
23,Yes/No Questions,سوالات بله/خیر,Verb-first question formation,ساختار سوالی با فعل در ابتدا,A1,11,received,Gefällt Ihnen Berlin?,Do you like Berlin?,برلین را دوست دارید؟,A1
23,Yes/No Questions,سوالات بله/خیر,Verb-first question formation,ساختار سوالی با فعل در ابتدا,A1,12,sent,"Ja, Berlin gefällt mir sehr gut!","Yes, I like Berlin very much!",بله، برلین را خیلی دوست دارم!,A1
24,W-Questions,سوالات با کلمه پرسشی,"Wer, was, wo, wann, warum, wie",چه کسی، چه، کجا، کی، چرا، چگونه,A1,1,received,Wer ist das auf dem Foto?,Who is that in the photo?,آن کیست در عکس؟,A1
24,W-Questions,سوالات با کلمه پرسشی,"Wer, was, wo, wann, warum, wie",چه کسی، چه، کجا، کی، چرا، چگونه,A1,2,sent,Das ist mein Freund Hassan.,That is my friend Hassan.,این دوستم حسن است.,A1
24,W-Questions,سوالات با کلمه پرسشی,"Wer, was, wo, wann, warum, wie",چه کسی، چه، کجا، کی، چرا، چگونه,A1,3,received,Was studiert er?,What does he study?,چه رشته‌ای می‌خواند؟,A1
24,W-Questions,سوالات با کلمه پرسشی,"Wer, was, wo, wann, warum, wie",چه کسی، چه، کجا، کی، چرا، چگونه,A1,4,sent,Er studiert Medizin in Hamburg.,He studies medicine in Hamburg.,او در هامبورگ پزشکی می‌خواند.,A1
24,W-Questions,سوالات با کلمه پرسشی,"Wer, was, wo, wann, warum, wie",چه کسی، چه، کجا، کی، چرا، چگونه,A1,5,received,Wo wohnt er genau?,Where exactly does he live?,دقیقا کجا زندگی می‌کند؟,A1
24,W-Questions,سوالات با کلمه پرسشی,"Wer, was, wo, wann, warum, wie",چه کسی، چه، کجا، کی، چرا، چگونه,A1,6,sent,"Er wohnt im Stadtzentrum, in der Nähe vom Hafen.","He lives in the city center, near the harbor.",در مرکز شهر، نزدیک بندر زندگی می‌کند.,A1
24,W-Questions,سوالات با کلمه پرسشی,"Wer, was, wo, wann, warum, wie",چه کسی، چه، کجا، کی، چرا، چگونه,A1,7,received,Wann habt ihr euch kennengelernt?,When did you meet each other?,کی با هم آشنا شدید؟,A1
24,W-Questions,سوالات با کلمه پرسشی,"Wer, was, wo, wann, warum, wie",چه کسی، چه، کجا، کی، چرا، چگونه,A1,8,sent,Wir haben uns vor drei Jahren kennengelernt.,We met three years ago.,سه سال پیش با هم آشنا شدیم.,A2
24,W-Questions,سوالات با کلمه پرسشی,"Wer, was, wo, wann, warum, wie",چه کسی، چه، کجا، کی، چرا، چگونه,A1,9,received,Warum lernst du Deutsch?,Why are you learning German?,چرا آلمانی یاد می‌گیری؟,A1
24,W-Questions,سوالات با کلمه پرسشی,"Wer, was, wo, wann, warum, wie",چه کسی، چه، کجا، کی، چرا، چگونه,A1,10,sent,Weil ich in Deutschland arbeiten möchte.,Because I want to work in Germany.,چون می‌خواهم در آلمان کار کنم.,A1
24,W-Questions,سوالات با کلمه پرسشی,"Wer, was, wo, wann, warum, wie",چه کسی، چه، کجا، کی، چرا، چگونه,A1,11,received,Wie lange lernst du schon Deutsch?,How long have you been learning German?,چه مدت است که آلمانی یاد می‌گیری؟,A1
24,W-Questions,سوالات با کلمه پرسشی,"Wer, was, wo, wann, warum, wie",چه کسی، چه، کجا، کی، چرا، چگونه,A1,12,sent,Ich lerne seit sechs Monaten Deutsch.,I have been learning German for six months.,شش ماه است که آلمانی یاد می‌گیرم.,A1
25,Personal Pronouns & Cases,ضمایر شخصی و حالت‌ها,Nominative and Accusative pronouns,ضمایر فاعلی و مفعولی,A2,1,received,Siehst du den Mann dort? Kennst du ihn?,Do you see the man there? Do you know him?,آن مرد را آنجا می‌بینی؟ او را می‌شناسی؟,A2
25,Personal Pronouns & Cases,ضمایر شخصی و حالت‌ها,Nominative and Accusative pronouns,ضمایر فاعلی و مفعولی,A2,2,sent,"Ja, ich kenne ihn. Er ist mein Nachbar.","Yes, I know him. He is my neighbor.",بله، او را می‌شناسم. همسایه‌ام است.,A2
25,Personal Pronouns & Cases,ضمایر شخصی و حالت‌ها,Nominative and Accusative pronouns,ضمایر فاعلی و مفعولی,A2,3,received,Kann ich dich morgen anrufen?,Can I call you tomorrow?,فردا می‌توانم بهت زنگ بزنم؟,A2
25,Personal Pronouns & Cases,ضمایر شخصی و حالت‌ها,Nominative and Accusative pronouns,ضمایر فاعلی و مفعولی,A2,4,sent,"Ja, du kannst mich am Nachmittag anrufen.","Yes, you can call me in the afternoon.",بله، بعدازظهر می‌توانی بهم زنگ بزنی.,A2
25,Personal Pronouns & Cases,ضمایر شخصی و حالت‌ها,Nominative and Accusative pronouns,ضمایر فاعلی و مفعولی,A2,5,received,Liebst du sie?,Do you love her?,او را دوست داری؟,A2
25,Personal Pronouns & Cases,ضمایر شخصی و حالت‌ها,Nominative and Accusative pronouns,ضمایر فاعلی و مفعولی,A2,6,sent,"Ja, ich liebe sie sehr. Wir sind seit zwei Jahren zusammen.","Yes, I love her very much. We have been together for two years.",بله، خیلی دوستش دارم. دو سال است که با هم هستیم.,A2
25,Personal Pronouns & Cases,ضمایر شخصی و حالت‌ها,Nominative and Accusative pronouns,ضمایر فاعلی و مفعولی,A2,7,received,Der Lehrer hat uns eine Aufgabe gegeben.,The teacher gave us an assignment.,معلم به ما تکلیف داد.,A2
25,Personal Pronouns & Cases,ضمایر شخصی و حالت‌ها,Nominative and Accusative pronouns,ضمایر فاعلی و مفعولی,A2,8,sent,"Ja, er hat uns viele Hausaufgaben gegeben.","Yes, he gave us a lot of homework.",بله، تکلیف زیادی به ما داد.,A2
25,Personal Pronouns & Cases,ضمایر شخصی و حالت‌ها,Nominative and Accusative pronouns,ضمایر فاعلی و مفعولی,A2,9,received,Ich suche meine Brille. Hast du sie gesehen?,I am looking for my glasses. Have you seen them?,دنبال عینکم می‌گردم. آن‌ها را دیده‌ای؟,A2
25,Personal Pronouns & Cases,ضمایر شخصی و حالت‌ها,Nominative and Accusative pronouns,ضمایر فاعلی و مفعولی,A2,10,sent,"Ja, ich habe sie auf dem Tisch gesehen.","Yes, I saw them on the table.",بله، آن‌ها را روی میز دیدم.,A2
25,Personal Pronouns & Cases,ضمایر شخصی و حالت‌ها,Nominative and Accusative pronouns,ضمایر فاعلی و مفعولی,A2,11,received,Rufst du mich an oder soll ich dich anrufen?,Will you call me or should I call you?,تو بهم زنگ می‌زنی یا من بهت زنگ بزنم؟,A2
25,Personal Pronouns & Cases,ضمایر شخصی و حالت‌ها,Nominative and Accusative pronouns,ضمایر فاعلی و مفعولی,A2,12,sent,Ich rufe dich heute Abend an.,I will call you this evening.,امشب بهت زنگ می‌زنم.,A2
26,Perfect Tense Part 1,زمان گذشته بخش ۱,Perfekt with haben (regular verbs),ماضی نقلی با haben (افعال باقاعده),A2,1,received,Was hast du gestern gemacht?,What did you do yesterday?,دیروز چه کار کردی؟,A2
26,Perfect Tense Part 1,زمان گذشته بخش ۱,Perfekt with haben (regular verbs),ماضی نقلی با haben (افعال باقاعده),A2,2,sent,Ich habe gestern viel gelernt und dann gekocht.,I studied a lot yesterday and then cooked.,دیروز زیاد درس خواندم و بعد آشپزی کردم.,A2
26,Perfect Tense Part 1,زمان گذشته بخش ۱,Perfekt with haben (regular verbs),ماضی نقلی با haben (افعال باقاعده),A2,3,received,Hast du den Film gesehen?,Did you watch the movie?,فیلم را دیدی؟,A2
26,Perfect Tense Part 1,زمان گذشته بخش ۱,Perfekt with haben (regular verbs),ماضی نقلی با haben (افعال باقاعده),A2,4,sent,"Ja, ich habe den Film am Wochenende gesehen.","Yes, I watched the movie on the weekend.",بله، آخر هفته فیلم را دیدم.,A2
26,Perfect Tense Part 1,زمان گذشته بخش ۱,Perfekt with haben (regular verbs),ماضی نقلی با haben (افعال باقاعده),A2,5,received,Hat Maria auch angerufen?,Did Maria also call?,ماریا هم زنگ زد؟,A2
26,Perfect Tense Part 1,زمان گذشته بخش ۱,Perfekt with haben (regular verbs),ماضی نقلی با haben (افعال باقاعده),A2,6,sent,"Ja, sie hat gestern Abend angerufen.","Yes, she called yesterday evening.",بله، دیشب زنگ زد.,A2
26,Perfect Tense Part 1,زمان گذشته بخش ۱,Perfekt with haben (regular verbs),ماضی نقلی با haben (افعال باقاعده),A2,7,received,Habt ihr die Hausaufgaben gemacht?,Did you do the homework?,تکالیف را انجام دادید؟,A2
26,Perfect Tense Part 1,زمان گذشته بخش ۱,Perfekt with haben (regular verbs),ماضی نقلی با haben (افعال باقاعده),A2,8,sent,"Ja, wir haben alle Aufgaben gemacht.","Yes, we did all the assignments.",بله، همه تکالیف را انجام دادیم.,A2
26,Perfect Tense Part 1,زمان گذشته بخش ۱,Perfekt with haben (regular verbs),ماضی نقلی با haben (افعال باقاعده),A2,9,received,Wie lange hat die Reise gedauert?,How long did the trip last?,سفر چقدر طول کشید؟,A2
26,Perfect Tense Part 1,زمان گذشته بخش ۱,Perfekt with haben (regular verbs),ماضی نقلی با haben (افعال باقاعده),A2,10,sent,Die Reise hat drei Stunden gedauert.,The trip lasted three hours.,سفر سه ساعت طول کشید.,A2
26,Perfect Tense Part 1,زمان گذشته بخش ۱,Perfekt with haben (regular verbs),ماضی نقلی با haben (افعال باقاعده),A2,11,received,Hast du schon gefrühstückt?,Have you already had breakfast?,صبحانه خورده‌ای؟,A2
26,Perfect Tense Part 1,زمان گذشته بخش ۱,Perfekt with haben (regular verbs),ماضی نقلی با haben (افعال باقاعده),A2,12,sent,"Nein, ich habe noch nicht gefrühstückt.","No, I have not had breakfast yet.",نه، هنوز صبحانه نخورده‌ام.,A2
27,Perfect Tense Part 2,زمان گذشته بخش ۲,Perfekt with sein (movement/state change),ماضی نقلی با sein (حرکت/تغییر حالت),A2,1,received,Wohin bist du gereist?,Where did you travel?,کجا سفر کردی؟,A2
27,Perfect Tense Part 2,زمان گذشته بخش ۲,Perfekt with sein (movement/state change),ماضی نقلی با sein (حرکت/تغییر حالت),A2,2,sent,Ich bin nach Berlin gefahren.,I went to Berlin.,به برلین رفتم.,A2
27,Perfect Tense Part 2,زمان گذشته بخش ۲,Perfekt with sein (movement/state change),ماضی نقلی با sein (حرکت/تغییر حالت),A2,3,received,Wie bist du dorthin gekommen?,How did you get there?,چطور رسیدی آنجا؟,A2
27,Perfect Tense Part 2,زمان گذشته بخش ۲,Perfekt with sein (movement/state change),ماضی نقلی با sein (حرکت/تغییر حالت),A2,4,sent,Ich bin mit dem Zug gefahren.,I went by train.,با قطار رفتم.,A2
27,Perfect Tense Part 2,زمان گذشته بخش ۲,Perfekt with sein (movement/state change),ماضی نقلی با sein (حرکت/تغییر حالت),A2,5,received,Wann bist du angekommen?,When did you arrive?,کی رسیدی؟,A2
27,Perfect Tense Part 2,زمان گذشته بخش ۲,Perfekt with sein (movement/state change),ماضی نقلی با sein (حرکت/تغییر حالت),A2,6,sent,Ich bin um drei Uhr angekommen.,I arrived at three o'clock.,ساعت سه رسیدم.,A2
27,Perfect Tense Part 2,زمان گذشته بخش ۲,Perfekt with sein (movement/state change),ماضی نقلی با sein (حرکت/تغییر حالت),A2,7,received,Bist du auch in das Museum gegangen?,Did you also go to the museum?,به موزه هم رفتی؟,A2
27,Perfect Tense Part 2,زمان گذشته بخش ۲,Perfekt with sein (movement/state change),ماضی نقلی با sein (حرکت/تغییر حالت),A2,8,sent,"Ja, ich bin ins Deutsche Museum gegangen.","Yes, I went to the German Museum.",بله، به موزه آلمان رفتم.,A2
27,Perfect Tense Part 2,زمان گذشته بخش ۲,Perfekt with sein (movement/state change),ماضی نقلی با sein (حرکت/تغییر حالت),A2,9,received,Was ist passiert?,What happened?,چه اتفاقی افتاد؟,A2
27,Perfect Tense Part 2,زمان گذشته بخش ۲,Perfekt with sein (movement/state change),ماضی نقلی با sein (حرکت/تغییر حالت),A2,10,sent,Ich bin auf der Straße gefallen.,I fell on the street.,توی خیابان افتادم.,A2
27,Perfect Tense Part 2,زمان گذشته بخش ۲,Perfekt with sein (movement/state change),ماضی نقلی با sein (حرکت/تغییر حالت),A2,11,received,Bist du allein geblieben oder mit Freunden?,Did you stay alone or with friends?,تنها ماندی یا با دوستان؟,A2
27,Perfect Tense Part 2,زمان گذشته بخش ۲,Perfekt with sein (movement/state change),ماضی نقلی با sein (حرکت/تغییر حالت),A2,12,sent,Ich bin bei meinem Freund geblieben.,I stayed at my friend's place.,پیش دوستم ماندم.,A2
28,Separable Verbs,افعال جداشدنی,"aufstehen, einkaufen, anfangen, mitkommen",بلند شدن، خرید کردن، شروع کردن، همراهی کردن,A2,1,received,Wann stehst du normalerweise auf?,When do you normally get up?,معمولا کی بیدار می‌شوی؟,A2
28,Separable Verbs,افعال جداشدنی,"aufstehen, einkaufen, anfangen, mitkommen",بلند شدن، خرید کردن، شروع کردن، همراهی کردن,A2,2,sent,Ich stehe unter der Woche um sechs Uhr auf.,I get up at six during the week.,روزهای هفته ساعت شش بیدار می‌شوم.,A2
28,Separable Verbs,افعال جداشدنی,"aufstehen, einkaufen, anfangen, mitkommen",بلند شدن، خرید کردن، شروع کردن، همراهی کردن,A2,3,received,Kaufst du heute ein?,Are you shopping today?,امروز خرید می‌کنی؟,A2
28,Separable Verbs,افعال جداشدنی,"aufstehen, einkaufen, anfangen, mitkommen",بلند شدن، خرید کردن، شروع کردن، همراهی کردن,A2,4,sent,"Ja, ich kaufe nach der Arbeit im Supermarkt ein.","Yes, I am shopping at the supermarket after work.",بله، بعد از کار در سوپرمارکت خرید می‌کنم.,A2
28,Separable Verbs,افعال جداشدنی,"aufstehen, einkaufen, anfangen, mitkommen",بلند شدن، خرید کردن، شروع کردن، همراهی کردن,A2,5,received,Wann fängt der Kurs an?,When does the course start?,کلاس کی شروع می‌شود؟,A2
28,Separable Verbs,افعال جداشدنی,"aufstehen, einkaufen, anfangen, mitkommen",بلند شدن، خرید کردن، شروع کردن، همراهی کردن,A2,6,sent,Der Kurs fängt um neun Uhr an.,The course starts at nine o'clock.,کلاس ساعت نه شروع می‌شود.,A2
28,Separable Verbs,افعال جداشدنی,"aufstehen, einkaufen, anfangen, mitkommen",بلند شدن، خرید کردن، شروع کردن، همراهی کردن,A2,7,received,Kommst du heute Abend mit?,Are you coming along this evening?,امشب می‌آیی؟,A2
28,Separable Verbs,افعال جداشدنی,"aufstehen, einkaufen, anfangen, mitkommen",بلند شدن، خرید کردن، شروع کردن، همراهی کردن,A2,8,sent,"Ja, ich komme gern mit. Wann treffen wir uns?","Yes, I would love to come. When do we meet?",بله، با کمال میل. کی قرار می‌گذاریم؟,A2
28,Separable Verbs,افعال جداشدنی,"aufstehen, einkaufen, anfangen, mitkommen",بلند شدن، خرید کردن، شروع کردن، همراهی کردن,A2,9,received,Rufst du mich später an?,Will you call me later?,بعدا بهم زنگ می‌زنی؟,A2
28,Separable Verbs,افعال جداشدنی,"aufstehen, einkaufen, anfangen, mitkommen",بلند شدن، خرید کردن، شروع کردن، همراهی کردن,A2,10,sent,"Ja, ich rufe dich um fünf Uhr an.","Yes, I will call you at five o'clock.",بله، ساعت پنج بهت زنگ می‌زنم.,A2
28,Separable Verbs,افعال جداشدنی,"aufstehen, einkaufen, anfangen, mitkommen",بلند شدن، خرید کردن، شروع کردن، همراهی کردن,A2,11,received,Wann gibst du das Buch zurück?,When will you return the book?,کی کتاب را پس می‌دهی؟,A2
28,Separable Verbs,افعال جداشدنی,"aufstehen, einkaufen, anfangen, mitkommen",بلند شدن، خرید کردن، شروع کردن، همراهی کردن,A2,12,sent,Ich gebe es nächste Woche zurück.,I will return it next week.,هفته آینده پسش می‌دهم.,A2
29,Modal Verbs Part 1,افعال کمکی بخش ۱,"können, müssen, wollen",توانستن، باید، خواستن,A2,1,received,Kannst du Auto fahren?,Can you drive a car?,می‌توانی رانندگی کنی؟,A2
29,Modal Verbs Part 1,افعال کمکی بخش ۱,"können, müssen, wollen",توانستن، باید، خواستن,A2,2,sent,"Ja, ich kann Auto fahren, aber ich habe kein Auto.","Yes, I can drive, but I don't have a car.",بله، رانندگی بلدم ولی ماشین ندارم.,A2
29,Modal Verbs Part 1,افعال کمکی بخش ۱,"können, müssen, wollen",توانستن، باید، خواستن,A2,3,received,Musst du heute arbeiten?,Do you have to work today?,امروز باید کار کنی؟,A2
29,Modal Verbs Part 1,افعال کمکی بخش ۱,"können, müssen, wollen",توانستن، باید، خواستن,A2,4,sent,"Ja, ich muss bis sechs Uhr arbeiten.","Yes, I have to work until six o'clock.",بله، باید تا ساعت شش کار کنم.,A2
29,Modal Verbs Part 1,افعال کمکی بخش ۱,"können, müssen, wollen",توانستن، باید، خواستن,A2,5,received,Was willst du am Wochenende machen?,What do you want to do on the weekend?,آخر هفته چه کار می‌خواهی بکنی؟,A2
29,Modal Verbs Part 1,افعال کمکی بخش ۱,"können, müssen, wollen",توانستن، باید، خواستن,A2,6,sent,Ich will ins Kino gehen und dann essen gehen.,I want to go to the cinema and then go eat.,می‌خواهم سینما بروم و بعد غذا بخورم.,A2
29,Modal Verbs Part 1,افعال کمکی بخش ۱,"können, müssen, wollen",توانستن، باید، خواستن,A2,7,received,Können Sie mir helfen?,Can you help me?,می‌توانید کمکم کنید؟,A2
29,Modal Verbs Part 1,افعال کمکی بخش ۱,"können, müssen, wollen",توانستن، باید، خواستن,A2,8,sent,Natürlich kann ich Ihnen helfen. Was brauchen Sie?,Of course I can help you. What do you need?,البته می‌توانم کمکتان کنم. چه چیزی لازم دارید؟,A2
29,Modal Verbs Part 1,افعال کمکی بخش ۱,"können, müssen, wollen",توانستن، باید، خواستن,A2,9,received,Müssen wir die Hausaufgaben heute abgeben?,Do we have to hand in the homework today?,امروز باید تکالیف را تحویل بدهیم؟,A2
29,Modal Verbs Part 1,افعال کمکی بخش ۱,"können, müssen, wollen",توانستن، باید، خواستن,A2,10,sent,"Ja, wir müssen sie bis morgen abgeben.","Yes, we have to hand them in by tomorrow.",بله، باید تا فردا تحویل بدهیم.,A2
29,Modal Verbs Part 1,افعال کمکی بخش ۱,"können, müssen, wollen",توانستن، باید، خواستن,A2,11,received,Er will nicht mitkommen.,He doesn't want to come along.,او نمی‌خواهد بیاید.,A2
29,Modal Verbs Part 1,افعال کمکی بخش ۱,"können, müssen, wollen",توانستن، باید، خواستن,A2,12,sent,Schade! Dann gehen wir ohne ihn.,Too bad! Then we will go without him.,حیف! پس بدون او می‌رویم.,A2
30,Modal Verbs Part 2,افعال کمکی بخش ۲,"dürfen, sollen, mögen",اجازه داشتن، بایستن، دوست داشتن,A2,1,received,Darf ich hier rauchen?,May I smoke here?,اینجا اجازه سیگار کشیدن دارم؟,A2
30,Modal Verbs Part 2,افعال کمکی بخش ۲,"dürfen, sollen, mögen",اجازه داشتن، بایستن، دوست داشتن,A2,2,sent,"Nein, hier dürfen Sie nicht rauchen.","No, you may not smoke here.",نه، اینجا اجازه سیگار کشیدن ندارید.,A2
30,Modal Verbs Part 2,افعال کمکی بخش ۲,"dürfen, sollen, mögen",اجازه داشتن، بایستن، دوست داشتن,A2,3,received,Was soll ich meinem Bruder zum Geburtstag schenken?,What should I give my brother for his birthday?,برای تولد برادرم چه هدیه‌ای بدهم؟,A2
30,Modal Verbs Part 2,افعال کمکی بخش ۲,"dürfen, sollen, mögen",اجازه داشتن، بایستن، دوست داشتن,A2,4,sent,Du sollst ihm ein Buch schenken. Er liest gern.,You should give him a book. He likes reading.,باید بهش کتاب هدیه بدهی. او کتاب خواندن را دوست دارد.,A2
30,Modal Verbs Part 2,افعال کمکی بخش ۲,"dürfen, sollen, mögen",اجازه داشتن، بایستن، دوست داشتن,A2,5,received,Magst du Schokolade?,Do you like chocolate?,شکلات دوست داری؟,A2
30,Modal Verbs Part 2,افعال کمکی بخش ۲,"dürfen, sollen, mögen",اجازه داشتن، بایستن، دوست داشتن,A2,6,sent,"Ja, ich mag Schokolade sehr, aber ich soll weniger essen.","Yes, I like chocolate a lot, but I should eat less.",بله، شکلات خیلی دوست دارم ولی باید کمتر بخورم.,A2
30,Modal Verbs Part 2,افعال کمکی بخش ۲,"dürfen, sollen, mögen",اجازه داشتن، بایستن، دوست داشتن,A2,7,received,Dürfen die Kinder im Park spielen?,Are the children allowed to play in the park?,بچه‌ها اجازه دارند در پارک بازی کنند؟,A2
30,Modal Verbs Part 2,افعال کمکی بخش ۲,"dürfen, sollen, mögen",اجازه داشتن، بایستن، دوست داشتن,A2,8,sent,"Ja, die Kinder dürfen bis acht Uhr draußen spielen.","Yes, the children may play outside until eight.",بله، بچه‌ها تا ساعت هشت اجازه دارند بیرون بازی کنند.,A2
30,Modal Verbs Part 2,افعال کمکی بخش ۲,"dürfen, sollen, mögen",اجازه داشتن، بایستن، دوست داشتن,A2,9,received,Soll ich das Fenster aufmachen?,Should I open the window?,پنجره را باز کنم؟,A2
30,Modal Verbs Part 2,افعال کمکی بخش ۲,"dürfen, sollen, mögen",اجازه داشتن، بایستن، دوست داشتن,A2,10,sent,"Ja bitte, es ist sehr warm hier drin.","Yes please, it is very warm in here.",بله لطفا، اینجا خیلی گرم است.,A2
30,Modal Verbs Part 2,افعال کمکی بخش ۲,"dürfen, sollen, mögen",اجازه داشتن، بایستن، دوست داشتن,A2,11,received,Mögen Sie italienisches Essen?,Do you like Italian food?,غذای ایتالیایی دوست دارید؟,A2
30,Modal Verbs Part 2,افعال کمکی بخش ۲,"dürfen, sollen, mögen",اجازه داشتن، بایستن، دوست داشتن,A2,12,sent,"Ja, ich mag Pizza und Pasta sehr gern.","Yes, I really like pizza and pasta.",بله، پیتزا و پاستا خیلی دوست دارم.,A2
31,The Dative Case,حالت مفعولی غیرمستقیم,"Dative articles: dem, der, den","حروف تعریف مفعول غیرمستقیم: dem, der, den",A2,1,received,Wem gehört dieses Buch?,Who does this book belong to?,این کتاب مال کیست؟,A2
31,The Dative Case,حالت مفعولی غیرمستقیم,"Dative articles: dem, der, den","حروف تعریف مفعول غیرمستقیم: dem, der, den",A2,2,sent,Das Buch gehört meinem Bruder.,The book belongs to my brother.,کتاب مال برادرم است.,A2
31,The Dative Case,حالت مفعولی غیرمستقیم,"Dative articles: dem, der, den","حروف تعریف مفعول غیرمستقیم: dem, der, den",A2,3,received,Wem gibst du das Geschenk?,Who are you giving the gift to?,هدیه را به چه کسی می‌دهی؟,A2
31,The Dative Case,حالت مفعولی غیرمستقیم,"Dative articles: dem, der, den","حروف تعریف مفعول غیرمستقیم: dem, der, den",A2,4,sent,Ich gebe das Geschenk meiner Mutter.,I am giving the gift to my mother.,هدیه را به مادرم می‌دهم.,A2
31,The Dative Case,حالت مفعولی غیرمستقیم,"Dative articles: dem, der, den","حروف تعریف مفعول غیرمستقیم: dem, der, den",A2,5,received,Können Sie mir den Weg erklären?,Can you explain the way to me?,می‌توانید مسیر را به من توضیح دهید؟,A2
31,The Dative Case,حالت مفعولی غیرمستقیم,"Dative articles: dem, der, den","حروف تعریف مفعول غیرمستقیم: dem, der, den",A2,6,sent,Natürlich! Ich zeige Ihnen den Weg auf der Karte.,Of course! I will show you the way on the map.,البته! مسیر را روی نقشه نشانتان می‌دهم.,A2
31,The Dative Case,حالت مفعولی غیرمستقیم,"Dative articles: dem, der, den","حروف تعریف مفعول غیرمستقیم: dem, der, den",A2,7,received,Er hat dem Kind einen Ball geschenkt.,He gave the child a ball as a gift.,او به بچه یک توپ هدیه داد.,A2
31,The Dative Case,حالت مفعولی غیرمستقیم,"Dative articles: dem, der, den","حروف تعریف مفعول غیرمستقیم: dem, der, den",A2,8,sent,Das Kind hat sich sehr gefreut.,The child was very happy.,بچه خیلی خوشحال شد.,A2
31,The Dative Case,حالت مفعولی غیرمستقیم,"Dative articles: dem, der, den","حروف تعریف مفعول غیرمستقیم: dem, der, den",A2,9,received,Was schreibst du deiner Freundin?,What are you writing to your girlfriend?,به دوست دخترت چه می‌نویسی؟,A2
31,The Dative Case,حالت مفعولی غیرمستقیم,"Dative articles: dem, der, den","حروف تعریف مفعول غیرمستقیم: dem, der, den",A2,10,sent,Ich schreibe ihr eine Nachricht.,I am writing her a message.,برایش یک پیام می‌نویسم.,A2
31,The Dative Case,حالت مفعولی غیرمستقیم,"Dative articles: dem, der, den","حروف تعریف مفعول غیرمستقیم: dem, der, den",A2,11,received,Schmeckt dir das Essen?,Does the food taste good to you?,غذا به مزاقت خوش است؟,A2
31,The Dative Case,حالت مفعولی غیرمستقیم,"Dative articles: dem, der, den","حروف تعریف مفعول غیرمستقیم: dem, der, den",A2,12,sent,"Ja, das Essen schmeckt mir sehr gut!","Yes, the food tastes very good to me!",بله، غذا خیلی خوشمزه است!,A2
32,Dative Prepositions,حروف اضافه با مفعول غیرمستقیم,"mit, bei, nach, von, zu, aus, seit",با، نزد، بعد از، از، به سوی، از، از زمان,A2,1,received,Mit wem gehst du ins Kino?,Who are you going to the cinema with?,با چه کسی سینما می‌روی؟,A2
32,Dative Prepositions,حروف اضافه با مفعول غیرمستقیم,"mit, bei, nach, von, zu, aus, seit",با، نزد، بعد از، از، به سوی، از، از زمان,A2,2,sent,Ich gehe mit meinem Freund ins Kino.,I am going to the cinema with my friend.,با دوستم سینما می‌روم.,A2
32,Dative Prepositions,حروف اضافه با مفعول غیرمستقیم,"mit, bei, nach, von, zu, aus, seit",با، نزد، بعد از، از، به سوی، از، از زمان,A2,3,received,Wohnst du bei deinen Eltern?,Do you live with your parents?,پیش پدر و مادرت زندگی می‌کنی؟,A2
32,Dative Prepositions,حروف اضافه با مفعول غیرمستقیم,"mit, bei, nach, von, zu, aus, seit",با، نزد، بعد از، از، به سوی، از، از زمان,A2,4,sent,"Nein, ich wohne seit einem Jahr allein.","No, I have been living alone for a year.",نه، یک سال است که تنها زندگی می‌کنم.,A2
32,Dative Prepositions,حروف اضافه با مفعول غیرمستقیم,"mit, bei, nach, von, zu, aus, seit",با، نزد، بعد از، از، به سوی، از، از زمان,A2,5,received,Woher kommst du gerade?,Where are you coming from right now?,الان از کجا می‌آیی؟,A2
32,Dative Prepositions,حروف اضافه با مفعول غیرمستقیم,"mit, bei, nach, von, zu, aus, seit",با، نزد، بعد از، از، به سوی، از، از زمان,A2,6,sent,Ich komme gerade von der Arbeit.,I am coming from work right now.,الان از سر کار می‌آیم.,A2
32,Dative Prepositions,حروف اضافه با مفعول غیرمستقیم,"mit, bei, nach, von, zu, aus, seit",با، نزد، بعد از، از، به سوی، از، از زمان,A2,7,received,Gehst du nach dem Unterricht nach Hause?,Are you going home after class?,بعد از کلاس می‌روی خانه؟,A2
32,Dative Prepositions,حروف اضافه با مفعول غیرمستقیم,"mit, bei, nach, von, zu, aus, seit",با، نزد، بعد از، از، به سوی، از، از زمان,A2,8,sent,"Nein, nach dem Unterricht gehe ich zum Arzt.","No, after class I am going to the doctor.",نه، بعد از کلاس می‌روم پیش دکتر.,A2
32,Dative Prepositions,حروف اضافه با مفعول غیرمستقیم,"mit, bei, nach, von, zu, aus, seit",با، نزد، بعد از، از، به سوی، از، از زمان,A2,9,received,Aus welchem Land kommt dein Nachbar?,What country is your neighbor from?,همسایه‌ات اهل چه کشوری است؟,A2
32,Dative Prepositions,حروف اضافه با مفعول غیرمستقیم,"mit, bei, nach, von, zu, aus, seit",با، نزد، بعد از، از، به سوی، از، از زمان,A2,10,sent,Er kommt aus der Türkei und wohnt seit drei Jahren hier.,He comes from Turkey and has lived here for three years.,اهل ترکیه است و سه سال است اینجا زندگی می‌کند.,A2
32,Dative Prepositions,حروف اضافه با مفعول غیرمستقیم,"mit, bei, nach, von, zu, aus, seit",با، نزد، بعد از، از، به سوی، از، از زمان,A2,11,received,Fährst du mit dem Bus oder mit dem Fahrrad?,Do you go by bus or by bike?,با اتوبوس می‌روی یا با دوچرخه؟,A2
32,Dative Prepositions,حروف اضافه با مفعول غیرمستقیم,"mit, bei, nach, von, zu, aus, seit",با، نزد، بعد از، از، به سوی، از، از زمان,A2,12,sent,Ich fahre bei schönem Wetter mit dem Fahrrad.,I ride my bike when the weather is nice.,وقتی هوا خوب باشد با دوچرخه می‌روم.,A2
33,Two-Way Prepositions,حروف اضافه دوگانه,"Wechselpräpositionen: in, an, auf, über, unter",حروف اضافه دوگانه: در، در کنار، روی، بالای، زیر,A2,1,received,Wo ist die Katze?,Where is the cat?,گربه کجاست؟,A2
33,Two-Way Prepositions,حروف اضافه دوگانه,"Wechselpräpositionen: in, an, auf, über, unter",حروف اضافه دوگانه: در، در کنار، روی، بالای، زیر,A2,2,sent,Die Katze liegt auf dem Sofa.,The cat is lying on the sofa.,گربه روی مبل خوابیده است.,A2
33,Two-Way Prepositions,حروف اضافه دوگانه,"Wechselpräpositionen: in, an, auf, über, unter",حروف اضافه دوگانه: در، در کنار، روی، بالای، زیر,A2,3,received,Wohin legst du das Buch?,Where are you putting the book?,کتاب را کجا می‌گذاری؟,A2
33,Two-Way Prepositions,حروف اضافه دوگانه,"Wechselpräpositionen: in, an, auf, über, unter",حروف اضافه دوگانه: در، در کنار، روی، بالای، زیر,A2,4,sent,Ich lege das Buch auf den Tisch.,I am putting the book on the table.,کتاب را روی میز می‌گذارم.,A2
33,Two-Way Prepositions,حروف اضافه دوگانه,"Wechselpräpositionen: in, an, auf, über, unter",حروف اضافه دوگانه: در، در کنار، روی، بالای، زیر,A2,5,received,Hängt das Bild an der Wand?,Is the picture hanging on the wall?,عکس روی دیوار آویزان است؟,A2
33,Two-Way Prepositions,حروف اضافه دوگانه,"Wechselpräpositionen: in, an, auf, über, unter",حروف اضافه دوگانه: در، در کنار، روی، بالای، زیر,A2,6,sent,"Nein, ich hänge das Bild jetzt an die Wand.","No, I am hanging the picture on the wall now.",نه، الان عکس را به دیوار آویزان می‌کنم.,A2
33,Two-Way Prepositions,حروف اضافه دوگانه,"Wechselpräpositionen: in, an, auf, über, unter",حروف اضافه دوگانه: در، در کنار، روی، بالای، زیر,A2,7,received,Sitzt du im Garten oder im Wohnzimmer?,Are you sitting in the garden or in the living room?,توی باغ نشسته‌ای یا توی اتاق نشیمن؟,A2
33,Two-Way Prepositions,حروف اضافه دوگانه,"Wechselpräpositionen: in, an, auf, über, unter",حروف اضافه دوگانه: در، در کنار، روی، بالای، زیر,A2,8,sent,Ich sitze im Garten. Das Wetter ist so schön!,I am sitting in the garden. The weather is so nice!,توی باغ نشسته‌ام. هوا خیلی خوب است!,A2
33,Two-Way Prepositions,حروف اضافه دوگانه,"Wechselpräpositionen: in, an, auf, über, unter",حروف اضافه دوگانه: در، در کنار، روی، بالای، زیر,A2,9,received,Stell die Blumen auf den Tisch!,Put the flowers on the table!,گل‌ها را روی میز بگذار!,A2
33,Two-Way Prepositions,حروف اضافه دوگانه,"Wechselpräpositionen: in, an, auf, über, unter",حروف اضافه دوگانه: در، در کنار، روی، بالای، زیر,A2,10,sent,Die Blumen stehen jetzt auf dem Tisch.,The flowers are now on the table.,گل‌ها الان روی میز هستند.,A2
33,Two-Way Prepositions,حروف اضافه دوگانه,"Wechselpräpositionen: in, an, auf, über, unter",حروف اضافه دوگانه: در، در کنار، روی، بالای، زیر,A2,11,received,Gehst du in die Bibliothek?,Are you going to the library?,کتابخانه می‌روی؟,A2
33,Two-Way Prepositions,حروف اضافه دوگانه,"Wechselpräpositionen: in, an, auf, über, unter",حروف اضافه دوگانه: در، در کنار، روی، بالای، زیر,A2,12,sent,"Ja, ich lerne heute in der Bibliothek.","Yes, I am studying in the library today.",بله، امروز در کتابخانه درس می‌خوانم.,A2
34,Comparatives,صفات تفضیلی,"größer als, besser als, mehr als",بزرگ‌تر از، بهتر از، بیشتر از,A2,1,received,"Welche Stadt ist größer, Berlin oder München?","Which city is bigger, Berlin or Munich?",کدام شهر بزرگ‌تر است، برلین یا مونیخ؟,A2
34,Comparatives,صفات تفضیلی,"größer als, besser als, mehr als",بزرگ‌تر از، بهتر از، بیشتر از,A2,2,sent,Berlin ist größer als München.,Berlin is bigger than Munich.,برلین بزرگ‌تر از مونیخ است.,A2
34,Comparatives,صفات تفضیلی,"größer als, besser als, mehr als",بزرگ‌تر از، بهتر از، بیشتر از,A2,3,received,Fährst du lieber mit dem Zug oder mit dem Auto?,Do you prefer traveling by train or by car?,ترجیح می‌دهی با قطار بروی یا با ماشین؟,A2
34,Comparatives,صفات تفضیلی,"größer als, besser als, mehr als",بزرگ‌تر از، بهتر از، بیشتر از,A2,4,sent,Ich fahre lieber mit dem Zug. Er ist schneller als das Auto.,I prefer the train. It is faster than the car.,ترجیح می‌دهم با قطار بروم. سریع‌تر از ماشین است.,A2
34,Comparatives,صفات تفضیلی,"größer als, besser als, mehr als",بزرگ‌تر از، بهتر از، بیشتر از,A2,5,received,Ist Deutsch schwerer als Englisch?,Is German harder than English?,آلمانی سخت‌تر از انگلیسی است؟,A2
34,Comparatives,صفات تفضیلی,"größer als, besser als, mehr als",بزرگ‌تر از، بهتر از، بیشتر از,A2,6,sent,"Ja, ich finde Deutsch schwerer als Englisch.","Yes, I find German harder than English.",بله، به نظر من آلمانی سخت‌تر از انگلیسی است.,A2
34,Comparatives,صفات تفضیلی,"größer als, besser als, mehr als",بزرگ‌تر از، بهتر از، بیشتر از,A2,7,received,"Wer kocht besser, du oder deine Mutter?","Who cooks better, you or your mother?",چه کسی بهتر آشپزی می‌کند، تو یا مادرت؟,A2
34,Comparatives,صفات تفضیلی,"größer als, besser als, mehr als",بزرگ‌تر از، بهتر از، بیشتر از,A2,8,sent,Meine Mutter kocht viel besser als ich!,My mother cooks much better than me!,مادرم خیلی بهتر از من آشپزی می‌کند!,A2
34,Comparatives,صفات تفضیلی,"größer als, besser als, mehr als",بزرگ‌تر از، بهتر از، بیشتر از,A2,9,received,Im Sommer sind die Tage länger als im Winter.,In summer the days are longer than in winter.,در تابستان روزها بلندتر از زمستان هستند.,A2
34,Comparatives,صفات تفضیلی,"größer als, besser als, mehr als",بزرگ‌تر از، بهتر از، بیشتر از,A2,10,sent,"Ja, und es wird auch später dunkel.","Yes, and it also gets dark later.",بله، و دیرتر هم تاریک می‌شود.,A2
35,Superlatives,صفات عالی,"am größten, der/die/das beste",بزرگ‌ترین، بهترین,A2,1,received,Was ist die größte Stadt in Deutschland?,What is the biggest city in Germany?,بزرگ‌ترین شهر آلمان کدام است؟,A2
35,Superlatives,صفات عالی,"am größten, der/die/das beste",بزرگ‌ترین، بهترین,A2,2,sent,Berlin ist die größte Stadt in Deutschland.,Berlin is the biggest city in Germany.,برلین بزرگ‌ترین شهر آلمان است.,A2
35,Superlatives,صفات عالی,"am größten, der/die/das beste",بزرگ‌ترین، بهترین,A2,3,received,Welches Fach magst du am liebsten?,Which subject do you like best?,کدام درس را بیشتر دوست داری؟,A2
35,Superlatives,صفات عالی,"am größten, der/die/das beste",بزرگ‌ترین، بهترین,A2,4,sent,Ich mag Mathematik am liebsten.,I like mathematics best.,ریاضیات را بیشتر از همه دوست دارم.,A2
35,Superlatives,صفات عالی,"am größten, der/die/das beste",بزرگ‌ترین، بهترین,A2,5,received,Wer ist der beste Spieler?,Who is the best player?,بهترین بازیکن کیست؟,A2
35,Superlatives,صفات عالی,"am größten, der/die/das beste",بزرگ‌ترین، بهترین,A2,6,sent,Meiner Meinung nach ist er der beste Spieler.,In my opinion he is the best player.,به نظر من او بهترین بازیکن است.,A2
35,Superlatives,صفات عالی,"am größten, der/die/das beste",بزرگ‌ترین، بهترین,A2,7,received,Was ist das teuerste Restaurant hier?,What is the most expensive restaurant here?,گران‌ترین رستوران اینجا کدام است؟,A2
35,Superlatives,صفات عالی,"am größten, der/die/das beste",بزرگ‌ترین، بهترین,A2,8,sent,Das Restaurant am Marktplatz ist am teuersten.,The restaurant at the market square is the most expensive.,رستوران میدان بازار گران‌ترین است.,A2
35,Superlatives,صفات عالی,"am größten, der/die/das beste",بزرگ‌ترین، بهترین,A2,9,received,Welcher Monat ist am kältesten?,Which month is the coldest?,کدام ماه سردترین است؟,A2
35,Superlatives,صفات عالی,"am größten, der/die/das beste",بزرگ‌ترین، بهترین,A2,10,sent,Der Januar ist meistens am kältesten.,January is usually the coldest.,معمولا ژانویه سردترین ماه است.,A2
36,At the Doctor,نزد پزشک,Describing symptoms: Ich habe Schmerzen,توصیف علائم: درد دارم,A2,1,received,"Guten Tag, was kann ich für Sie tun?","Good day, what can I do for you?",روز بخیر، چه کاری می‌توانم برایتان انجام دهم؟,A2
36,At the Doctor,نزد پزشک,Describing symptoms: Ich habe Schmerzen,توصیف علائم: درد دارم,A2,2,sent,Ich habe seit drei Tagen starke Kopfschmerzen.,I have had strong headaches for three days.,سه روز است سردرد شدید دارم.,A2
36,At the Doctor,نزد پزشک,Describing symptoms: Ich habe Schmerzen,توصیف علائم: درد دارم,A2,3,received,Haben Sie sonst noch Beschwerden?,Do you have any other complaints?,شکایت دیگری هم دارید؟,A2
36,At the Doctor,نزد پزشک,Describing symptoms: Ich habe Schmerzen,توصیف علائم: درد دارم,A2,4,sent,"Ja, mir ist auch schwindelig und ich fühle mich schwach.","Yes, I am also dizzy and I feel weak.",بله، سرگیجه هم دارم و احساس ضعف می‌کنم.,A2
36,At the Doctor,نزد پزشک,Describing symptoms: Ich habe Schmerzen,توصیف علائم: درد دارم,A2,5,received,Nehmen Sie regelmäßig Medikamente?,Do you take medication regularly?,به طور منظم دارو مصرف می‌کنید؟,A2
36,At the Doctor,نزد پزشک,Describing symptoms: Ich habe Schmerzen,توصیف علائم: درد دارم,A2,6,sent,"Nein, ich nehme keine Medikamente.","No, I don't take any medication.",نه، دارویی مصرف نمی‌کنم.,A2
36,At the Doctor,نزد پزشک,Describing symptoms: Ich habe Schmerzen,توصیف علائم: درد دارم,A2,7,received,Ich messe zuerst Ihren Blutdruck.,I will first measure your blood pressure.,اول فشار خونتان را اندازه می‌گیرم.,A2
36,At the Doctor,نزد پزشک,Describing symptoms: Ich habe Schmerzen,توصیف علائم: درد دارم,A2,8,sent,Ist mein Blutdruck in Ordnung?,Is my blood pressure okay?,فشار خونم خوب است؟,A2
36,At the Doctor,نزد پزشک,Describing symptoms: Ich habe Schmerzen,توصیف علائم: درد دارم,A2,9,received,Ihr Blutdruck ist etwas hoch. Sie sollen sich mehr ausruhen.,Your blood pressure is a bit high. You should rest more.,فشار خونتان کمی بالاست. باید بیشتر استراحت کنید.,A2
36,At the Doctor,نزد پزشک,Describing symptoms: Ich habe Schmerzen,توصیف علائم: درد دارم,A2,10,sent,Soll ich Tabletten nehmen?,Should I take tablets?,قرص بخورم؟,A2
36,At the Doctor,نزد پزشک,Describing symptoms: Ich habe Schmerzen,توصیف علائم: درد دارم,A2,11,received,"Ja, nehmen Sie diese Tabletten zweimal am Tag nach dem Essen.","Yes, take these tablets twice a day after meals.",بله، این قرص‌ها را روزی دو بار بعد از غذا بخورید.,A2
36,At the Doctor,نزد پزشک,Describing symptoms: Ich habe Schmerzen,توصیف علائم: درد دارم,A2,12,sent,Wann soll ich wieder kommen?,When should I come back?,کی دوباره بیایم؟,A2
37,Bank & Post Office,در بانک و پست,Formal Sie register,سطح رسمی با Sie,A2,1,received,"Guten Tag, wie kann ich Ihnen helfen?","Good day, how can I help you?",روز بخیر، چطور می‌توانم کمکتان کنم؟,A2
37,Bank & Post Office,در بانک و پست,Formal Sie register,سطح رسمی با Sie,A2,2,sent,"Ich möchte ein Konto eröffnen, bitte.","I would like to open an account, please.",می‌خواهم یک حساب باز کنم، لطفا.,A2
37,Bank & Post Office,در بانک و پست,Formal Sie register,سطح رسمی با Sie,A2,3,received,Haben Sie Ihren Reisepass dabei?,Do you have your passport with you?,گذرنامه‌تان همراهتان هست؟,A2
37,Bank & Post Office,در بانک و پست,Formal Sie register,سطح رسمی با Sie,A2,4,sent,"Ja, hier ist mein Reisepass und meine Meldebescheinigung.","Yes, here is my passport and my registration certificate.",بله، بفرمایید گذرنامه و گواهی ثبت نام من.,A2
37,Bank & Post Office,در بانک و پست,Formal Sie register,سطح رسمی با Sie,A2,5,received,Möchten Sie auch eine EC-Karte?,Would you also like a debit card?,کارت بانکی هم می‌خواهید؟,A2
37,Bank & Post Office,در بانک و پست,Formal Sie register,سطح رسمی با Sie,A2,6,sent,"Ja bitte, und wie kann ich Geld überweisen?","Yes please, and how can I transfer money?",بله لطفا، و چطور می‌توانم پول حواله کنم؟,A2
37,Bank & Post Office,در بانک و پست,Formal Sie register,سطح رسمی با Sie,A2,7,received,Sie können Online-Banking benutzen.,You can use online banking.,می‌توانید از بانکداری آنلاین استفاده کنید.,A2
37,Bank & Post Office,در بانک و پست,Formal Sie register,سطح رسمی با Sie,A2,8,sent,Kann ich auch ein Paket hier aufgeben?,Can I also send a package here?,بسته هم می‌توانم اینجا ارسال کنم؟,A2
37,Bank & Post Office,در بانک و پست,Formal Sie register,سطح رسمی با Sie,A2,9,received,"Nein, dafür müssen Sie zur Post gehen.","No, for that you have to go to the post office.",نه، برای آن باید به اداره پست بروید.,A2
37,Bank & Post Office,در بانک و پست,Formal Sie register,سطح رسمی با Sie,A2,10,sent,Wo ist die nächste Post?,Where is the nearest post office?,نزدیک‌ترین اداره پست کجاست؟,A2
37,Bank & Post Office,در بانک و پست,Formal Sie register,سطح رسمی با Sie,A2,11,received,Die Post ist gleich um die Ecke.,The post office is just around the corner.,اداره پست همین نبش است.,A2
37,Bank & Post Office,در بانک و پست,Formal Sie register,سطح رسمی با Sie,A2,12,sent,Vielen Dank für Ihre Hilfe!,Thank you very much for your help!,خیلی ممنون از کمکتان!,A2
38,Making Appointments,گرفتن وقت ملاقات,Future with werden + time expressions,آینده با werden + عبارات زمانی,A2,1,received,"Praxis Dr. Schmidt, guten Tag!","Dr. Schmidt's office, good day!",مطب دکتر اشمیت، روز بخیر!,A2
38,Making Appointments,گرفتن وقت ملاقات,Future with werden + time expressions,آینده با werden + عبارات زمانی,A2,2,sent,"Guten Tag, ich möchte einen Termin machen.","Good day, I would like to make an appointment.",روز بخیر، می‌خواهم وقت بگیرم.,A2
38,Making Appointments,گرفتن وقت ملاقات,Future with werden + time expressions,آینده با werden + عبارات زمانی,A2,3,received,Wann passt es Ihnen?,When suits you?,چه وقتی مناسبتان است؟,A2
38,Making Appointments,گرفتن وقت ملاقات,Future with werden + time expressions,آینده با werden + عبارات زمانی,A2,4,sent,Geht es am Donnerstag Vormittag?,Is Thursday morning possible?,پنج‌شنبه صبح امکان‌پذیر است؟,A2
38,Making Appointments,گرفتن وقت ملاقات,Future with werden + time expressions,آینده با werden + عبارات زمانی,A2,5,received,Am Donnerstag haben wir leider keinen Termin frei.,Unfortunately we don't have an appointment free on Thursday.,متاسفانه پنج‌شنبه وقت خالی نداریم.,A2
38,Making Appointments,گرفتن وقت ملاقات,Future with werden + time expressions,آینده با werden + عبارات زمانی,A2,6,sent,Und am Freitag? Haben Sie da noch etwas frei?,And on Friday? Do you have something available then?,و جمعه؟ وقت خالی دارید؟,A2
38,Making Appointments,گرفتن وقت ملاقات,Future with werden + time expressions,آینده با werden + عبارات زمانی,A2,7,received,Am Freitag um zehn Uhr dreißig wäre ein Termin frei.,On Friday at ten thirty there would be an appointment free.,جمعه ساعت ده و نیم یک وقت خالی هست.,A2
38,Making Appointments,گرفتن وقت ملاقات,Future with werden + time expressions,آینده با werden + عبارات زمانی,A2,8,sent,Das passt mir gut. Ich werde pünktlich da sein.,That suits me well. I will be there on time.,برایم مناسب است. سر وقت خواهم آمد.,A2
38,Making Appointments,گرفتن وقت ملاقات,Future with werden + time expressions,آینده با werden + عبارات زمانی,A2,9,received,"Wie ist Ihr Name, bitte?","What is your name, please?",اسمتان چیست، لطفا؟,A2
38,Making Appointments,گرفتن وقت ملاقات,Future with werden + time expressions,آینده با werden + عبارات زمانی,A2,10,sent,Mein Name ist Ahmadi. A-H-M-A-D-I.,My name is Ahmadi. A-H-M-A-D-I.,اسمم احمدی است.,A2
38,Making Appointments,گرفتن وقت ملاقات,Future with werden + time expressions,آینده با werden + عبارات زمانی,A2,11,received,"Gut, Herr Ahmadi. Wir werden Sie am Freitag erwarten.","Good, Mr. Ahmadi. We will expect you on Friday.",خوب، آقای احمدی. جمعه منتظرتان خواهیم بود.,A2
38,Making Appointments,گرفتن وقت ملاقات,Future with werden + time expressions,آینده با werden + عبارات زمانی,A2,12,sent,Vielen Dank! Bis Freitag!,Thank you very much! See you Friday!,خیلی ممنون! تا جمعه!,A2
39,Travel & Transportation,سفر و حمل و نقل,"Prepositions of direction: nach, in, an",حروف اضافه جهت: به، در، کنار,A2,1,received,Wohin fährst du in den Urlaub?,Where are you going on vacation?,کجا به تعطیلات می‌روی؟,A2
39,Travel & Transportation,سفر و حمل و نقل,"Prepositions of direction: nach, in, an",حروف اضافه جهت: به، در، کنار,A2,2,sent,"Ich fahre nach Österreich, an den Bodensee.","I am going to Austria, to Lake Constance.",به اتریش می‌روم، کنار دریاچه بودن‌زه.,A2
39,Travel & Transportation,سفر و حمل و نقل,"Prepositions of direction: nach, in, an",حروف اضافه جهت: به، در، کنار,A2,3,received,Wie kommst du dorthin?,How do you get there?,چطور می‌روی آنجا؟,A2
39,Travel & Transportation,سفر و حمل و نقل,"Prepositions of direction: nach, in, an",حروف اضافه جهت: به، در، کنار,A2,4,sent,Ich fliege nach Wien und dann nehme ich den Zug.,I fly to Vienna and then I take the train.,به وین پرواز می‌کنم و بعد قطار می‌گیرم.,A2
39,Travel & Transportation,سفر و حمل و نقل,"Prepositions of direction: nach, in, an",حروف اضافه جهت: به، در، کنار,A2,5,received,Wann fährt der nächste Zug nach Hamburg?,When does the next train to Hamburg leave?,قطار بعدی به هامبورگ کی حرکت می‌کند؟,A2
39,Travel & Transportation,سفر و حمل و نقل,"Prepositions of direction: nach, in, an",حروف اضافه جهت: به، در، کنار,A2,6,sent,Der nächste Zug fährt um vierzehn Uhr von Gleis drei.,The next train leaves at two PM from platform three.,قطار بعدی ساعت دو از سکوی سه حرکت می‌کند.,A2
39,Travel & Transportation,سفر و حمل و نقل,"Prepositions of direction: nach, in, an",حروف اضافه جهت: به، در، کنار,A2,7,received,Muss ich umsteigen?,Do I have to change trains?,باید قطار عوض کنم؟,A2
39,Travel & Transportation,سفر و حمل و نقل,"Prepositions of direction: nach, in, an",حروف اضافه جهت: به، در، کنار,A2,8,sent,"Ja, Sie müssen in Hannover umsteigen.","Yes, you have to change in Hannover.",بله، باید در هانوفر عوض کنید.,A2
39,Travel & Transportation,سفر و حمل و نقل,"Prepositions of direction: nach, in, an",حروف اضافه جهت: به، در، کنار,A2,9,received,Wie lange dauert die Fahrt?,How long does the journey take?,مسیر چقدر طول می‌کشد؟,A2
39,Travel & Transportation,سفر و حمل و نقل,"Prepositions of direction: nach, in, an",حروف اضافه جهت: به، در، کنار,A2,10,sent,Die Fahrt dauert etwa vier Stunden.,The journey takes about four hours.,مسیر حدود چهار ساعت طول می‌کشد.,A2
39,Travel & Transportation,سفر و حمل و نقل,"Prepositions of direction: nach, in, an",حروف اضافه جهت: به، در، کنار,A2,11,received,Ich möchte eine Fahrkarte nach München kaufen.,I would like to buy a ticket to Munich.,می‌خواهم یک بلیط به مونیخ بخرم.,A2
39,Travel & Transportation,سفر و حمل و نقل,"Prepositions of direction: nach, in, an",حروف اضافه جهت: به، در، کنار,A2,12,sent,Einfach oder hin und zurück?,Single or return?,یک‌طرفه یا رفت و برگشت؟,A2
40,Hotel & Accommodation,هتل و اقامت,"Ordinal numbers: erste, zweite, dritte",اعداد ترتیبی: اول، دوم، سوم,A2,1,received,Guten Tag! Haben Sie ein Zimmer frei?,Good day! Do you have a room available?,روز بخیر! اتاق خالی دارید؟,A2
40,Hotel & Accommodation,هتل و اقامت,"Ordinal numbers: erste, zweite, dritte",اعداد ترتیبی: اول، دوم، سوم,A2,2,sent,"Ja, wir haben ein Einzelzimmer im dritten Stock.","Yes, we have a single room on the third floor.",بله، یک اتاق یک‌نفره در طبقه سوم داریم.,A2
40,Hotel & Accommodation,هتل و اقامت,"Ordinal numbers: erste, zweite, dritte",اعداد ترتیبی: اول، دوم، سوم,A2,3,received,Was kostet das Zimmer pro Nacht?,How much does the room cost per night?,قیمت اتاق هر شب چقدر است؟,A2
40,Hotel & Accommodation,هتل و اقامت,"Ordinal numbers: erste, zweite, dritte",اعداد ترتیبی: اول، دوم، سوم,A2,4,sent,Das Einzelzimmer kostet achtzig Euro pro Nacht mit Frühstück.,The single room costs eighty euros per night with breakfast.,اتاق یک‌نفره هشتاد یورو هر شب با صبحانه است.,A2
40,Hotel & Accommodation,هتل و اقامت,"Ordinal numbers: erste, zweite, dritte",اعداد ترتیبی: اول، دوم، سوم,A2,5,received,"Ich möchte drei Nächte bleiben, vom ersten bis zum vierten Mai.","I would like to stay three nights, from the first to the fourth of May.",سه شب می‌خواهم بمانم، از اول تا چهارم مه.,A2
40,Hotel & Accommodation,هتل و اقامت,"Ordinal numbers: erste, zweite, dritte",اعداد ترتیبی: اول، دوم، سوم,A2,6,sent,Das geht. Füllen Sie bitte dieses Formular aus.,That works. Please fill in this form.,امکان‌پذیر است. لطفا این فرم را پر کنید.,A2
40,Hotel & Accommodation,هتل و اقامت,"Ordinal numbers: erste, zweite, dritte",اعداد ترتیبی: اول، دوم، سوم,A2,7,received,Um wie viel Uhr ist der Check-out?,What time is check-out?,ساعت خروج چند است؟,A2
40,Hotel & Accommodation,هتل و اقامت,"Ordinal numbers: erste, zweite, dritte",اعداد ترتیبی: اول، دوم، سوم,A2,8,sent,Der Check-out ist bis elf Uhr.,Check-out is by eleven o'clock.,خروج تا ساعت یازده است.,A2
40,Hotel & Accommodation,هتل و اقامت,"Ordinal numbers: erste, zweite, dritte",اعداد ترتیبی: اول، دوم، سوم,A2,9,received,Gibt es WLAN im Hotel?,Is there WiFi in the hotel?,در هتل وای‌فای هست؟,A2
40,Hotel & Accommodation,هتل و اقامت,"Ordinal numbers: erste, zweite, dritte",اعداد ترتیبی: اول، دوم، سوم,A2,10,sent,"Ja, das WLAN ist kostenlos. Das Passwort steht auf der Karte.","Yes, WiFi is free. The password is on the card.",بله، وای‌فای رایگان است. رمز روی کارت نوشته شده.,A2
40,Hotel & Accommodation,هتل و اقامت,"Ordinal numbers: erste, zweite, dritte",اعداد ترتیبی: اول، دوم، سوم,A2,11,received,Wo ist der Aufzug?,Where is the elevator?,آسانسور کجاست؟,A2
40,Hotel & Accommodation,هتل و اقامت,"Ordinal numbers: erste, zweite, dritte",اعداد ترتیبی: اول، دوم، سوم,A2,12,sent,Der Aufzug ist am Ende des Flurs auf der rechten Seite.,The elevator is at the end of the corridor on the right side.,آسانسور انتهای راهرو سمت راست است.,A2
41,Reflexive Verbs,افعال انعکاسی,"sich freuen, sich erinnern, sich interessieren",خوشحال شدن، به یاد آوردن، علاقه‌مند بودن,A2,1,received,Wofür interessierst du dich?,What are you interested in?,به چه چیزی علاقه‌مندی؟,A2
41,Reflexive Verbs,افعال انعکاسی,"sich freuen, sich erinnern, sich interessieren",خوشحال شدن، به یاد آوردن، علاقه‌مند بودن,A2,2,sent,Ich interessiere mich für Kunst und Musik.,I am interested in art and music.,به هنر و موسیقی علاقه‌مندم.,A2
41,Reflexive Verbs,افعال انعکاسی,"sich freuen, sich erinnern, sich interessieren",خوشحال شدن، به یاد آوردن، علاقه‌مند بودن,A2,3,received,Erinnerst du dich an unseren ersten Deutschkurs?,Do you remember our first German class?,کلاس اول آلمانی‌مان یادت هست؟,A2
41,Reflexive Verbs,افعال انعکاسی,"sich freuen, sich erinnern, sich interessieren",خوشحال شدن، به یاد آوردن، علاقه‌مند بودن,A2,4,sent,"Ja, ich erinnere mich gut daran. Wir waren so nervös!","Yes, I remember it well. We were so nervous!",بله، خوب یادم است. خیلی استرس داشتیم!,A2
41,Reflexive Verbs,افعال انعکاسی,"sich freuen, sich erinnern, sich interessieren",خوشحال شدن، به یاد آوردن، علاقه‌مند بودن,A2,5,received,Freust du dich auf den Urlaub?,Are you looking forward to the vacation?,از تعطیلات ذوق‌زده‌ای؟,A2
41,Reflexive Verbs,افعال انعکاسی,"sich freuen, sich erinnern, sich interessieren",خوشحال شدن، به یاد آوردن، علاقه‌مند بودن,A2,6,sent,"Ja, ich freue mich sehr auf den Urlaub in Spanien.","Yes, I am very excited about the vacation in Spain.",بله، خیلی از تعطیلات در اسپانیا ذوق‌زده‌ام.,A2
41,Reflexive Verbs,افعال انعکاسی,"sich freuen, sich erinnern, sich interessieren",خوشحال شدن، به یاد آوردن، علاقه‌مند بودن,A2,7,received,Du musst dich beeilen! Der Bus kommt gleich.,You have to hurry! The bus is coming soon.,باید عجله کنی! اتوبوس الان می‌آید.,A2
41,Reflexive Verbs,افعال انعکاسی,"sich freuen, sich erinnern, sich interessieren",خوشحال شدن، به یاد آوردن، علاقه‌مند بودن,A2,8,sent,Ich ziehe mich schnell an und dann gehen wir.,I will get dressed quickly and then we will go.,سریع لباس می‌پوشم و بعد می‌رویم.,A2
41,Reflexive Verbs,افعال انعکاسی,"sich freuen, sich erinnern, sich interessieren",خوشحال شدن، به یاد آوردن، علاقه‌مند بودن,A2,9,received,Hast du dich für den Kurs angemeldet?,Have you registered for the course?,برای کلاس ثبت‌نام کرده‌ای؟,A2
41,Reflexive Verbs,افعال انعکاسی,"sich freuen, sich erinnern, sich interessieren",خوشحال شدن، به یاد آوردن، علاقه‌مند بودن,A2,10,sent,"Ja, ich habe mich gestern online angemeldet.","Yes, I registered online yesterday.",بله، دیروز آنلاین ثبت‌نام کردم.,A2
41,Reflexive Verbs,افعال انعکاسی,"sich freuen, sich erinnern, sich interessieren",خوشحال شدن، به یاد آوردن، علاقه‌مند بودن,A2,11,received,Wir treffen uns morgen um drei vor dem Kino.,We are meeting tomorrow at three in front of the cinema.,فردا ساعت سه جلوی سینما قرار می‌گذاریم.,A2
41,Reflexive Verbs,افعال انعکاسی,"sich freuen, sich erinnern, sich interessieren",خوشحال شدن، به یاد آوردن، علاقه‌مند بودن,A2,12,sent,"Gut, ich freue mich darauf! Bis morgen!","Good, I am looking forward to it! See you tomorrow!",خوب، منتظرش هستم! تا فردا!,A2
42,Subordinate Clauses: weil,جملات وابسته: زیرا,Verb-final position with weil,فعل در انتهای جمله با weil,A2,1,received,Warum lernst du Deutsch?,Why are you learning German?,چرا آلمانی یاد می‌گیری؟,A2
42,Subordinate Clauses: weil,جملات وابسته: زیرا,Verb-final position with weil,فعل در انتهای جمله با weil,A2,2,sent,"Ich lerne Deutsch, weil ich in Deutschland studieren möchte.",I learn German because I want to study in Germany.,آلمانی یاد می‌گیرم چون می‌خواهم در آلمان تحصیل کنم.,A2
42,Subordinate Clauses: weil,جملات وابسته: زیرا,Verb-final position with weil,فعل در انتهای جمله با weil,A2,3,received,Warum bist du müde?,Why are you tired?,چرا خسته‌ای؟,A2
42,Subordinate Clauses: weil,جملات وابسته: زیرا,Verb-final position with weil,فعل در انتهای جمله با weil,A2,4,sent,"Ich bin müde, weil ich gestern spät ins Bett gegangen bin.",I am tired because I went to bed late yesterday.,خسته‌ام چون دیشب دیر خوابیدم.,A2
42,Subordinate Clauses: weil,جملات وابسته: زیرا,Verb-final position with weil,فعل در انتهای جمله با weil,A2,5,received,Warum fährt er nicht mit dem Auto?,Why doesn't he drive by car?,چرا با ماشین نمی‌رود؟,A2
42,Subordinate Clauses: weil,جملات وابسته: زیرا,Verb-final position with weil,فعل در انتهای جمله با weil,A2,6,sent,"Er fährt nicht mit dem Auto, weil er keinen Führerschein hat.",He doesn't drive because he doesn't have a driver's license.,با ماشین نمی‌رود چون گواهینامه ندارد.,A2
42,Subordinate Clauses: weil,جملات وابسته: زیرا,Verb-final position with weil,فعل در انتهای جمله با weil,A2,7,received,Warum isst du kein Fleisch?,Why don't you eat meat?,چرا گوشت نمی‌خوری؟,A2
42,Subordinate Clauses: weil,جملات وابسته: زیرا,Verb-final position with weil,فعل در انتهای جمله با weil,A2,8,sent,"Ich esse kein Fleisch, weil ich Vegetarier bin.",I don't eat meat because I am a vegetarian.,گوشت نمی‌خورم چون گیاه‌خوار هستم.,A2
42,Subordinate Clauses: weil,جملات وابسته: زیرا,Verb-final position with weil,فعل در انتهای جمله با weil,A2,9,received,Warum bleibst du heute zu Hause?,Why are you staying home today?,چرا امروز خانه می‌مانی؟,A2
42,Subordinate Clauses: weil,جملات وابسته: زیرا,Verb-final position with weil,فعل در انتهای جمله با weil,A2,10,sent,"Ich bleibe zu Hause, weil ich krank bin.",I am staying home because I am sick.,خانه می‌مانم چون مریض هستم.,A2
42,Subordinate Clauses: weil,جملات وابسته: زیرا,Verb-final position with weil,فعل در انتهای جمله با weil,A2,11,received,Warum magst du Berlin?,Why do you like Berlin?,چرا برلین را دوست داری؟,A2
42,Subordinate Clauses: weil,جملات وابسته: زیرا,Verb-final position with weil,فعل در انتهای جمله با weil,A2,12,sent,"Ich mag Berlin, weil die Stadt sehr lebendig und multikulturell ist.",I like Berlin because the city is very lively and multicultural.,برلین را دوست دارم چون شهر خیلی پرانرژی و چندفرهنگی است.,A2
43,Subordinate Clauses: dass,جملات وابسته: که,Verb-final position with dass,فعل در انتهای جمله با dass,A2,1,received,Was denkst du über den neuen Lehrer?,What do you think about the new teacher?,درباره معلم جدید چه فکر می‌کنی؟,A2
43,Subordinate Clauses: dass,جملات وابسته: که,Verb-final position with dass,فعل در انتهای جمله با dass,A2,2,sent,"Ich denke, dass er sehr gut erklärt.",I think that he explains very well.,فکر می‌کنم که خیلی خوب توضیح می‌دهد.,A2
43,Subordinate Clauses: dass,جملات وابسته: که,Verb-final position with dass,فعل در انتهای جمله با dass,A2,3,received,"Weißt du, dass morgen ein Feiertag ist?",Do you know that tomorrow is a holiday?,می‌دانی فردا تعطیل است؟,A2
43,Subordinate Clauses: dass,جملات وابسته: که,Verb-final position with dass,فعل در انتهای جمله با dass,A2,4,sent,"Nein, das wusste ich nicht! Das ist ja toll!","No, I didn't know that! That's great!",نه، نمی‌دانستم! عالیه!,A2
43,Subordinate Clauses: dass,جملات وابسته: که,Verb-final position with dass,فعل در انتهای جمله با dass,A2,5,received,"Glaubst du, dass es morgen regnet?",Do you think that it will rain tomorrow?,فکر می‌کنی فردا باران می‌بارد؟,A2
43,Subordinate Clauses: dass,جملات وابسته: که,Verb-final position with dass,فعل در انتهای جمله با dass,A2,6,sent,"Ja, ich glaube, dass es morgen regnet.","Yes, I think that it will rain tomorrow.",بله، فکر می‌کنم فردا باران می‌بارد.,A2
43,Subordinate Clauses: dass,جملات وابسته: که,Verb-final position with dass,فعل در انتهای جمله با dass,A2,7,received,"Es ist wichtig, dass du pünktlich kommst.",It is important that you come on time.,مهم است که سر وقت بیایی.,A2
43,Subordinate Clauses: dass,جملات وابسته: که,Verb-final position with dass,فعل در انتهای جمله با dass,A2,8,sent,"Ich weiß, dass Pünktlichkeit in Deutschland sehr wichtig ist.",I know that punctuality is very important in Germany.,می‌دانم که وقت‌شناسی در آلمان خیلی مهم است.,A2
43,Subordinate Clauses: dass,جملات وابسته: که,Verb-final position with dass,فعل در انتهای جمله با dass,A2,9,received,"Ich hoffe, dass du die Prüfung bestehst.",I hope that you pass the exam.,امیدوارم که امتحان را قبول شوی.,A2
43,Subordinate Clauses: dass,جملات وابسته: که,Verb-final position with dass,فعل در انتهای جمله با dass,A2,10,sent,"Danke! Ich bin sicher, dass ich gut vorbereitet bin.",Thanks! I am sure that I am well prepared.,ممنون! مطمئنم که خوب آماده هستم.,A2
43,Subordinate Clauses: dass,جملات وابسته: که,Verb-final position with dass,فعل در انتهای جمله با dass,A2,11,received,"Man sagt, dass Deutsch eine schwere Sprache ist.",They say that German is a difficult language.,می‌گویند که آلمانی زبان سختی است.,B1
43,Subordinate Clauses: dass,جملات وابسته: که,Verb-final position with dass,فعل در انتهای جمله با dass,A2,12,sent,"Ich finde, dass Deutsch nicht so schwer ist, wenn man übt.",I find that German is not so hard when you practice.,به نظرم آلمانی اگر تمرین کنی آنقدر سخت نیست.,B1
44,Subordinate Clauses: wenn/als,جملات وابسته: وقتی,wenn (repeated) vs. als (one-time past),wenn (تکراری) در مقابل als (یکبار در گذشته),A2,1,received,"Was machst du, wenn es regnet?",What do you do when it rains?,وقتی باران می‌بارد چه کار می‌کنی؟,A2
44,Subordinate Clauses: wenn/als,جملات وابسته: وقتی,wenn (repeated) vs. als (one-time past),wenn (تکراری) در مقابل als (یکبار در گذشته),A2,2,sent,"Wenn es regnet, bleibe ich zu Hause und lese ein Buch.","When it rains, I stay home and read a book.",وقتی باران می‌بارد، خانه می‌مانم و کتاب می‌خوانم.,A2
44,Subordinate Clauses: wenn/als,جملات وابسته: وقتی,wenn (repeated) vs. als (one-time past),wenn (تکراری) در مقابل als (یکبار در گذشته),A2,3,received,"Was hast du gemacht, als du ein Kind warst?",What did you do when you were a child?,وقتی بچه بودی چه کار می‌کردی؟,B1
44,Subordinate Clauses: wenn/als,جملات وابسته: وقتی,wenn (repeated) vs. als (one-time past),wenn (تکراری) در مقابل als (یکبار در گذشته),A2,4,sent,"Als ich ein Kind war, habe ich viel draußen gespielt.","When I was a child, I played outside a lot.",وقتی بچه بودم، زیاد بیرون بازی می‌کردم.,B1
44,Subordinate Clauses: wenn/als,جملات وابسته: وقتی,wenn (repeated) vs. als (one-time past),wenn (تکراری) در مقابل als (یکبار در گذشته),A2,5,received,"Rufst du mich an, wenn du ankommst?",Will you call me when you arrive?,وقتی رسیدی بهم زنگ می‌زنی؟,A2
44,Subordinate Clauses: wenn/als,جملات وابسته: وقتی,wenn (repeated) vs. als (one-time past),wenn (تکراری) در مقابل als (یکبار در گذشته),A2,6,sent,"Ja, ich rufe dich an, wenn ich da bin.","Yes, I will call you when I am there.",بله، وقتی رسیدم بهت زنگ می‌زنم.,A2
44,Subordinate Clauses: wenn/als,جملات وابسته: وقتی,wenn (repeated) vs. als (one-time past),wenn (تکراری) در مقابل als (یکبار در گذشته),A2,7,received,"Was ist passiert, als du nach Deutschland gekommen bist?",What happened when you came to Germany?,وقتی به آلمان آمدی چه اتفاقی افتاد؟,B1
44,Subordinate Clauses: wenn/als,جملات وابسته: وقتی,wenn (repeated) vs. als (one-time past),wenn (تکراری) در مقابل als (یکبار در گذشته),A2,8,sent,"Als ich nach Deutschland kam, konnte ich kein Wort Deutsch.","When I came to Germany, I couldn't speak a word of German.",وقتی به آلمان آمدم، یک کلمه آلمانی بلد نبودم.,B1
44,Subordinate Clauses: wenn/als,جملات وابسته: وقتی,wenn (repeated) vs. als (one-time past),wenn (تکراری) در مقابل als (یکبار در گذشته),A2,9,received,"Wenn du Zeit hast, können wir zusammen kochen.","If you have time, we can cook together.",اگر وقت داری، می‌توانیم با هم آشپزی کنیم.,A2
44,Subordinate Clauses: wenn/als,جملات وابسته: وقتی,wenn (repeated) vs. als (one-time past),wenn (تکراری) در مقابل als (یکبار در گذشته),A2,10,sent,"Ja gern! Wenn ich morgen frei habe, komme ich vorbei.","Yes, gladly! If I am free tomorrow, I will come by.",بله با کمال میل! اگر فردا آزاد باشم، سر می‌زنم.,A2
45,Adjective Declension: Nominative,صرف صفت: فاعلی,"der große Mann, eine kleine Frau",مرد بزرگ، یک زن کوچک,A2,1,received,Wer ist der große Mann dort?,Who is the tall man there?,آن مرد قدبلند آنجا کیست؟,A2
45,Adjective Declension: Nominative,صرف صفت: فاعلی,"der große Mann, eine kleine Frau",مرد بزرگ، یک زن کوچک,A2,2,sent,Das ist mein neuer Nachbar. Er ist sehr nett.,That is my new neighbor. He is very nice.,همسایه جدیدم است. خیلی مهربان است.,A2
45,Adjective Declension: Nominative,صرف صفت: فاعلی,"der große Mann, eine kleine Frau",مرد بزرگ، یک زن کوچک,A2,3,received,Hast du das kleine Mädchen gesehen?,Have you seen the little girl?,دختر کوچک را دیده‌ای؟,A2
45,Adjective Declension: Nominative,صرف صفت: فاعلی,"der große Mann, eine kleine Frau",مرد بزرگ، یک زن کوچک,A2,4,sent,"Ja, das kleine Mädchen spielt im Park.","Yes, the little girl is playing in the park.",بله، دختر کوچک در پارک بازی می‌کند.,A2
45,Adjective Declension: Nominative,صرف صفت: فاعلی,"der große Mann, eine kleine Frau",مرد بزرگ، یک زن کوچک,A2,5,received,Wie ist dein neues Handy?,How is your new phone?,گوشی جدیدت چطور است؟,A2
45,Adjective Declension: Nominative,صرف صفت: فاعلی,"der große Mann, eine kleine Frau",مرد بزرگ، یک زن کوچک,A2,6,sent,Mein neues Handy ist schnell und hat eine gute Kamera.,My new phone is fast and has a good camera.,گوشی جدیدم سریع است و دوربین خوبی دارد.,A2
45,Adjective Declension: Nominative,صرف صفت: فاعلی,"der große Mann, eine kleine Frau",مرد بزرگ، یک زن کوچک,A2,7,received,Ist das ein deutsches Auto?,Is that a German car?,آن ماشین آلمانی است؟,A2
45,Adjective Declension: Nominative,صرف صفت: فاعلی,"der große Mann, eine kleine Frau",مرد بزرگ، یک زن کوچک,A2,8,sent,"Ja, das ist ein deutsches Auto. Es ist sehr zuverlässig.","Yes, that is a German car. It is very reliable.",بله، ماشین آلمانی است. خیلی قابل اعتماد است.,A2
45,Adjective Declension: Nominative,صرف صفت: فاعلی,"der große Mann, eine kleine Frau",مرد بزرگ، یک زن کوچک,A2,9,received,Die roten Schuhe sind schön!,The red shoes are beautiful!,کفش‌های قرمز قشنگ هستند!,A2
45,Adjective Declension: Nominative,صرف صفت: فاعلی,"der große Mann, eine kleine Frau",مرد بزرگ، یک زن کوچک,A2,10,sent,"Ja, aber die schwarzen Schuhe gefallen mir besser.","Yes, but I like the black shoes better.",بله، ولی کفش‌های مشکی بیشتر خوشم می‌آید.,A2
46,Adjective Declension: Acc/Dat,صرف صفت: مفعولی,"den großen Mann, mit dem kleinen Kind",مرد بزرگ را، با بچه کوچک,B1,1,received,Ich suche einen warmen Mantel für den Winter.,I am looking for a warm coat for winter.,دنبال یک پالتوی گرم برای زمستان می‌گردم.,B1
46,Adjective Declension: Acc/Dat,صرف صفت: مفعولی,"den großen Mann, mit dem kleinen Kind",مرد بزرگ را، با بچه کوچک,B1,2,sent,In diesem Geschäft gibt es schöne warme Mäntel.,In this shop there are nice warm coats.,در این مغازه پالتوهای گرم زیبایی هست.,B1
46,Adjective Declension: Acc/Dat,صرف صفت: مفعولی,"den großen Mann, mit dem kleinen Kind",مرد بزرگ را، با بچه کوچک,B1,3,received,Hast du den neuen Film mit dem berühmten Schauspieler gesehen?,Have you seen the new movie with the famous actor?,فیلم جدید با آن بازیگر معروف را دیده‌ای؟,B1
46,Adjective Declension: Acc/Dat,صرف صفت: مفعولی,"den großen Mann, mit dem kleinen Kind",مرد بزرگ را، با بچه کوچک,B1,4,sent,"Ja, ich habe den neuen Film letzte Woche im großen Kino gesehen.","Yes, I saw the new movie last week in the big cinema.",بله، هفته پیش فیلم جدید را در سینمای بزرگ دیدم.,B1
46,Adjective Declension: Acc/Dat,صرف صفت: مفعولی,"den großen Mann, mit dem kleinen Kind",مرد بزرگ را، با بچه کوچک,B1,5,received,Mit wem bist du in das teure Restaurant gegangen?,Who did you go to the expensive restaurant with?,با چه کسی به رستوران گران رفتی؟,B1
46,Adjective Declension: Acc/Dat,صرف صفت: مفعولی,"den großen Mann, mit dem kleinen Kind",مرد بزرگ را، با بچه کوچک,B1,6,sent,Ich bin mit meiner besten Freundin gegangen.,I went with my best friend.,با بهترین دوستم رفتم.,B1
46,Adjective Declension: Acc/Dat,صرف صفت: مفعولی,"den großen Mann, mit dem kleinen Kind",مرد بزرگ را، با بچه کوچک,B1,7,received,Kennst du den alten Mann mit dem langen Bart?,Do you know the old man with the long beard?,پیرمرد با ریش بلند را می‌شناسی؟,B1
46,Adjective Declension: Acc/Dat,صرف صفت: مفعولی,"den großen Mann, mit dem kleinen Kind",مرد بزرگ را، با بچه کوچک,B1,8,sent,"Ja, er wohnt in dem gelben Haus neben der kleinen Bäckerei.","Yes, he lives in the yellow house next to the small bakery.",بله، در خانه زرد کنار نانوایی کوچک زندگی می‌کند.,B1
46,Adjective Declension: Acc/Dat,صرف صفت: مفعولی,"den großen Mann, mit dem kleinen Kind",مرد بزرگ را، با بچه کوچک,B1,9,received,Ich möchte ein großes Stück von dem frischen Kuchen.,I would like a big piece of the fresh cake.,یک تکه بزرگ از آن کیک تازه می‌خواهم.,B1
46,Adjective Declension: Acc/Dat,صرف صفت: مفعولی,"den großen Mann, mit dem kleinen Kind",مرد بزرگ را، با بچه کوچک,B1,10,sent,Gern! Der frische Kuchen schmeckt am besten.,Gladly! The fresh cake tastes the best.,با کمال میل! کیک تازه بهترین مزه را دارد.,B1
47,Work & Professions,کار و حرفه‌ها,als + profession: Ich arbeite als...,به عنوان + شغل: من کار می‌کنم به عنوان...,B1,1,received,Was sind Sie von Beruf?,What is your profession?,شغل شما چیست؟,A2
47,Work & Professions,کار و حرفه‌ها,als + profession: Ich arbeite als...,به عنوان + شغل: من کار می‌کنم به عنوان...,B1,2,sent,Ich arbeite als Softwareentwickler bei einer großen Firma.,I work as a software developer at a large company.,به عنوان توسعه‌دهنده نرم‌افزار در یک شرکت بزرگ کار می‌کنم.,B1
47,Work & Professions,کار و حرفه‌ها,als + profession: Ich arbeite als...,به عنوان + شغل: من کار می‌کنم به عنوان...,B1,3,received,Wie lange arbeiten Sie schon dort?,How long have you been working there?,چه مدت آنجا کار می‌کنید؟,A2
47,Work & Professions,کار و حرفه‌ها,als + profession: Ich arbeite als...,به عنوان + شغل: من کار می‌کنم به عنوان...,B1,4,sent,Ich arbeite seit zwei Jahren bei dieser Firma.,I have been working at this company for two years.,دو سال است که در این شرکت کار می‌کنم.,A2
47,Work & Professions,کار و حرفه‌ها,als + profession: Ich arbeite als...,به عنوان + شغل: من کار می‌کنم به عنوان...,B1,5,received,Gefällt Ihnen die Arbeit?,Do you like the work?,از کارتان راضی هستید؟,A2
47,Work & Professions,کار و حرفه‌ها,als + profession: Ich arbeite als...,به عنوان + شغل: من کار می‌کنم به عنوان...,B1,6,sent,"Ja, die Arbeit gefällt mir, weil sie abwechslungsreich ist.","Yes, I like the work because it is varied.",بله، از کارم راضی هستم چون متنوع است.,B1
47,Work & Professions,کار و حرفه‌ها,als + profession: Ich arbeite als...,به عنوان + شغل: من کار می‌کنم به عنوان...,B1,7,received,Was hat Ihr Vater beruflich gemacht?,What did your father do for work?,پدرتان چه شغلی داشت؟,A2
47,Work & Professions,کار و حرفه‌ها,als + profession: Ich arbeite als...,به عنوان + شغل: من کار می‌کنم به عنوان...,B1,8,sent,Mein Vater hat als Lehrer gearbeitet und meine Mutter als Krankenschwester.,My father worked as a teacher and my mother as a nurse.,پدرم معلم بود و مادرم پرستار.,B1
47,Work & Professions,کار و حرفه‌ها,als + profession: Ich arbeite als...,به عنوان + شغل: من کار می‌کنم به عنوان...,B1,9,received,Was möchtest du in Zukunft beruflich machen?,What do you want to do professionally in the future?,در آینده می‌خواهی چه شغلی داشته باشی؟,B1
47,Work & Professions,کار و حرفه‌ها,als + profession: Ich arbeite als...,به عنوان + شغل: من کار می‌کنم به عنوان...,B1,10,sent,Ich möchte als Ingenieur in der Automobilindustrie arbeiten.,I want to work as an engineer in the automotive industry.,می‌خواهم به عنوان مهندس در صنعت خودرو کار کنم.,B1
48,Education & School,آموزش و مدرسه,um...zu + infinitive (purpose clauses),برای... + مصدر (جملات هدف),B1,1,received,Warum bist du nach Deutschland gekommen?,Why did you come to Germany?,چرا به آلمان آمدی؟,A2
48,Education & School,آموزش و مدرسه,um...zu + infinitive (purpose clauses),برای... + مصدر (جملات هدف),B1,2,sent,"Ich bin nach Deutschland gekommen, um Medizin zu studieren.",I came to Germany to study medicine.,به آلمان آمدم تا پزشکی بخوانم.,B1
48,Education & School,آموزش و مدرسه,um...zu + infinitive (purpose clauses),برای... + مصدر (جملات هدف),B1,3,received,Wie ist das Bildungssystem in Deutschland?,How is the education system in Germany?,سیستم آموزشی آلمان چطور است؟,B1
48,Education & School,آموزش و مدرسه,um...zu + infinitive (purpose clauses),برای... + مصدر (جملات هدف),B1,4,sent,Es ist anders als im Iran. Man muss viel selbstständig lernen.,It is different from Iran. You have to study a lot independently.,فرق دارد با ایران. باید خیلی مستقل درس بخوانی.,B1
48,Education & School,آموزش و مدرسه,um...zu + infinitive (purpose clauses),برای... + مصدر (جملات هدف),B1,5,received,"Was brauchst du, um an der Universität zu studieren?",What do you need to study at the university?,برای تحصیل در دانشگاه چه لازم داری؟,B1
48,Education & School,آموزش و مدرسه,um...zu + infinitive (purpose clauses),برای... + مصدر (جملات هدف),B1,6,sent,"Man braucht das Abitur oder eine anerkannte Qualifikation, um zu studieren.",You need the Abitur or a recognized qualification to study.,برای تحصیل به دیپلم آلمانی یا مدرک معادل نیاز داری.,B1
48,Education & School,آموزش و مدرسه,um...zu + infinitive (purpose clauses),برای... + مصدر (جملات هدف),B1,7,received,Lernst du auch zu Hause?,Do you also study at home?,خانه هم درس می‌خوانی؟,A2
48,Education & School,آموزش و مدرسه,um...zu + infinitive (purpose clauses),برای... + مصدر (جملات هدف),B1,8,sent,"Ja, ich gehe jeden Tag in die Bibliothek, um in Ruhe zu lernen.","Yes, I go to the library every day to study in peace.",بله، هر روز کتابخانه می‌روم تا در آرامش درس بخوانم.,B1
48,Education & School,آموزش و مدرسه,um...zu + infinitive (purpose clauses),برای... + مصدر (جملات هدف),B1,9,received,Hast du schon alle Prüfungen bestanden?,Have you already passed all exams?,همه امتحان‌ها را قبول شده‌ای؟,A2
48,Education & School,آموزش و مدرسه,um...zu + infinitive (purpose clauses),برای... + مصدر (جملات هدف),B1,10,sent,"Ich habe fast alle bestanden. Ich muss noch eine Prüfung ablegen, um das Semester abzuschließen.",I have passed almost all. I still have to take one exam to finish the semester.,تقریبا همه را قبول شدم. هنوز باید یک امتحان بدهم تا ترم را تمام کنم.,B1
49,Technology & Internet,فناوری و اینترنت,"Compound nouns: Computerspiel, Handynummer",اسامی مرکب: بازی کامپیوتری، شماره موبایل,B1,1,received,Benutzt du oft das Internet?,Do you use the internet often?,زیاد از اینترنت استفاده می‌کنی؟,A2
49,Technology & Internet,فناوری و اینترنت,"Compound nouns: Computerspiel, Handynummer",اسامی مرکب: بازی کامپیوتری، شماره موبایل,B1,2,sent,"Ja, ich benutze das Internet täglich für die Arbeit und zum Lernen.","Yes, I use the internet daily for work and studying.",بله، هر روز برای کار و درس از اینترنت استفاده می‌کنم.,B1
49,Technology & Internet,فناوری و اینترنت,"Compound nouns: Computerspiel, Handynummer",اسامی مرکب: بازی کامپیوتری، شماره موبایل,B1,3,received,Welche Suchmaschine benutzt du am häufigsten?,Which search engine do you use most often?,کدام موتور جستجو را بیشتر استفاده می‌کنی؟,B1
49,Technology & Internet,فناوری و اینترنت,"Compound nouns: Computerspiel, Handynummer",اسامی مرکب: بازی کامپیوتری، شماره موبایل,B1,4,sent,"Ich benutze meistens Google, aber manchmal auch andere Suchmaschinen.","I mostly use Google, but sometimes also other search engines.",بیشتر از گوگل استفاده می‌کنم ولی گاهی هم از موتورهای دیگر.,B1
49,Technology & Internet,فناوری و اینترنت,"Compound nouns: Computerspiel, Handynummer",اسامی مرکب: بازی کامپیوتری، شماره موبایل,B1,5,received,Hast du eine Lieblingsapp auf deinem Smartphone?,Do you have a favorite app on your smartphone?,اپلیکیشن مورد علاقه‌ای روی گوشیت داری؟,B1
49,Technology & Internet,فناوری و اینترنت,"Compound nouns: Computerspiel, Handynummer",اسامی مرکب: بازی کامپیوتری، شماره موبایل,B1,6,sent,"Ja, ich benutze eine Sprachlern-App, um mein Deutsch zu verbessern.","Yes, I use a language learning app to improve my German.",بله، از یک اپلیکیشن زبان‌آموزی استفاده می‌کنم تا آلمانی‌ام را بهتر کنم.,B1
49,Technology & Internet,فناوری و اینترنت,"Compound nouns: Computerspiel, Handynummer",اسامی مرکب: بازی کامپیوتری، شماره موبایل,B1,7,received,Spielst du Computerspiele?,Do you play computer games?,بازی کامپیوتری بازی می‌کنی؟,A2
49,Technology & Internet,فناوری و اینترنت,"Compound nouns: Computerspiel, Handynummer",اسامی مرکب: بازی کامپیوتری، شماره موبایل,B1,8,sent,"Nein, aber ich schaue gern Onlinevideos und höre Podcasts.","No, but I like watching online videos and listening to podcasts.",نه، ولی ویدیوهای آنلاین می‌بینم و پادکست گوش می‌دهم.,B1
49,Technology & Internet,فناوری و اینترنت,"Compound nouns: Computerspiel, Handynummer",اسامی مرکب: بازی کامپیوتری، شماره موبایل,B1,9,received,Wie schützt du deine Daten im Internet?,How do you protect your data on the internet?,چطور اطلاعاتت را در اینترنت محافظت می‌کنی؟,B1
49,Technology & Internet,فناوری و اینترنت,"Compound nouns: Computerspiel, Handynummer",اسامی مرکب: بازی کامپیوتری، شماره موبایل,B1,10,sent,Ich benutze starke Passwörter und aktualisiere regelmäßig meine Software.,I use strong passwords and regularly update my software.,رمزهای قوی استفاده می‌کنم و مرتب نرم‌افزارم را بروزرسانی می‌کنم.,B1
50,Coordinating Conjunctions,حروف ربط هم‌پایه,"und, aber, oder, denn, sondern",و، اما، یا، زیرا، بلکه,B1,1,received,Möchtest du Tee oder Kaffee?,Would you like tea or coffee?,چای می‌خواهی یا قهوه؟,A2
50,Coordinating Conjunctions,حروف ربط هم‌پایه,"und, aber, oder, denn, sondern",و، اما، یا، زیرا، بلکه,B1,2,sent,"Ich möchte Tee, denn Kaffee trinke ich nicht so gern.","I would like tea, because I don't like coffee that much.",چای می‌خواهم، چون قهوه زیاد دوست ندارم.,B1
50,Coordinating Conjunctions,حروف ربط هم‌پایه,"und, aber, oder, denn, sondern",و، اما، یا، زیرا، بلکه,B1,3,received,Gehst du heute ins Fitnessstudio?,Are you going to the gym today?,امروز باشگاه می‌روی؟,A2
50,Coordinating Conjunctions,حروف ربط هم‌پایه,"und, aber, oder, denn, sondern",و، اما، یا، زیرا، بلکه,B1,4,sent,"Ich möchte gehen, aber ich habe keine Zeit.","I would like to go, but I don't have time.",دلم می‌خواهد بروم اما وقت ندارم.,A2
50,Coordinating Conjunctions,حروف ربط هم‌پایه,"und, aber, oder, denn, sondern",و، اما، یا، زیرا، بلکه,B1,5,received,Ist er krank?,Is he sick?,مریض است؟,A2
50,Coordinating Conjunctions,حروف ربط هم‌پایه,"und, aber, oder, denn, sondern",و، اما، یا، زیرا، بلکه,B1,6,sent,"Er ist nicht krank, sondern er ist nur müde.","He is not sick, but rather he is just tired.",مریض نیست بلکه فقط خسته است.,B1
50,Coordinating Conjunctions,حروف ربط هم‌پایه,"und, aber, oder, denn, sondern",و، اما، یا، زیرا، بلکه,B1,7,received,Was machst du heute?,What are you doing today?,امروز چه کار می‌کنی؟,A2
50,Coordinating Conjunctions,حروف ربط هم‌پایه,"und, aber, oder, denn, sondern",و، اما، یا، زیرا، بلکه,B1,8,sent,Ich gehe einkaufen und dann besuche ich meine Freunde.,I am going shopping and then I am visiting my friends.,خرید می‌روم و بعد به دوستانم سر می‌زنم.,A2
50,Coordinating Conjunctions,حروف ربط هم‌پایه,"und, aber, oder, denn, sondern",و، اما، یا، زیرا، بلکه,B1,9,received,Liest du gern Romane?,Do you like reading novels?,رمان خواندن دوست داری؟,A2
50,Coordinating Conjunctions,حروف ربط هم‌پایه,"und, aber, oder, denn, sondern",و، اما، یا، زیرا، بلکه,B1,10,sent,"Ja, ich lese gern Romane, aber ich habe leider wenig Zeit dafür.","Yes, I like reading novels, but unfortunately I have little time for it.",بله، رمان خواندن دوست دارم ولی متاسفانه وقت کمی دارم.,B1
51,Simple Past: Präteritum,گذشته ساده,"war, hatte, konnte, musste",بود، داشت، توانست، باید,B1,1,received,Wie war dein Wochenende?,How was your weekend?,آخر هفته‌ات چطور بود؟,B1
51,Simple Past: Präteritum,گذشته ساده,"war, hatte, konnte, musste",بود، داشت، توانست، باید,B1,2,sent,Es war sehr schön. Ich war am Samstag im Museum.,It was very nice. I was at the museum on Saturday.,خیلی خوب بود. شنبه در موزه بودم.,B1
51,Simple Past: Präteritum,گذشته ساده,"war, hatte, konnte, musste",بود، داشت، توانست، باید,B1,3,received,Hattest du gestern Unterricht?,Did you have class yesterday?,دیروز کلاس داشتی؟,B1
51,Simple Past: Präteritum,گذشته ساده,"war, hatte, konnte, musste",بود، داشت، توانست، باید,B1,4,sent,"Nein, ich hatte gestern frei. Es gab keinen Unterricht.","No, I had the day off yesterday. There was no class.",نه، دیروز تعطیل بودم. کلاسی نبود.,B1
51,Simple Past: Präteritum,گذشته ساده,"war, hatte, konnte, musste",بود، داشت، توانست، باید,B1,5,received,Konntest du als Kind schwimmen?,Could you swim as a child?,وقتی بچه بودی شنا بلد بودی؟,B1
51,Simple Past: Präteritum,گذشته ساده,"war, hatte, konnte, musste",بود، داشت، توانست، باید,B1,6,sent,"Nein, ich konnte erst mit zehn Jahren schwimmen.","No, I could only swim from the age of ten.",نه، از ده سالگی تازه شنا یاد گرفتم.,B1
51,Simple Past: Präteritum,گذشته ساده,"war, hatte, konnte, musste",بود، داشت، توانست، باید,B1,7,received,"Es war einmal ein König, der in einem großen Schloss lebte.",Once upon a time there was a king who lived in a big castle.,یکی بود یکی نبود، پادشاهی بود که در قلعه بزرگی زندگی می‌کرد.,B1
51,Simple Past: Präteritum,گذشته ساده,"war, hatte, konnte, musste",بود، داشت، توانست، باید,B1,8,sent,Die Geschichte klingt interessant! Was passierte dann?,The story sounds interesting! What happened then?,داستان جالب به نظر می‌رسد! بعد چه شد؟,B1
51,Simple Past: Präteritum,گذشته ساده,"war, hatte, konnte, musste",بود، داشت، توانست، باید,B1,9,received,"Der König wollte Frieden, aber seine Feinde waren stark.","The king wanted peace, but his enemies were strong.",پادشاه صلح می‌خواست اما دشمنانش قوی بودند.,B1
51,Simple Past: Präteritum,گذشته ساده,"war, hatte, konnte, musste",بود، داشت، توانست، باید,B1,10,sent,Musste er kämpfen oder konnte er verhandeln?,Did he have to fight or could he negotiate?,مجبور بود بجنگد یا توانست مذاکره کند؟,B1
52,Passive Voice: Present,مجهول: حال,werden + Partizip II,شدن + اسم مفعول,B1,1,received,Wie wird Brot in Deutschland hergestellt?,How is bread made in Germany?,نان در آلمان چگونه تهیه می‌شود؟,B1
52,Passive Voice: Present,مجهول: حال,werden + Partizip II,شدن + اسم مفعول,B1,2,sent,"Das Brot wird aus Mehl, Wasser und Hefe gebacken.","Bread is baked from flour, water and yeast.",نان از آرد، آب و مخمر پخته می‌شود.,B1
52,Passive Voice: Present,مجهول: حال,werden + Partizip II,شدن + اسم مفعول,B1,3,received,Wird in Deutschland viel recycelt?,Is there a lot of recycling in Germany?,در آلمان زیاد بازیافت می‌شود؟,B1
52,Passive Voice: Present,مجهول: حال,werden + Partizip II,شدن + اسم مفعول,B1,4,sent,"Ja, in Deutschland wird der Müll sehr sorgfältig getrennt.","Yes, in Germany waste is separated very carefully.",بله، در آلمان زباله خیلی با دقت جدا می‌شود.,B1
52,Passive Voice: Present,مجهول: حال,werden + Partizip II,شدن + اسم مفعول,B1,5,received,Wann wird das neue Gebäude eröffnet?,When is the new building being opened?,ساختمان جدید کی افتتاح می‌شود؟,B1
52,Passive Voice: Present,مجهول: حال,werden + Partizip II,شدن + اسم مفعول,B1,6,sent,Es wird nächsten Monat offiziell eröffnet.,It will be officially opened next month.,ماه آینده رسما افتتاح می‌شود.,B1
52,Passive Voice: Present,مجهول: حال,werden + Partizip II,شدن + اسم مفعول,B1,7,received,Wird Deutsch auch in Österreich gesprochen?,Is German also spoken in Austria?,در اتریش هم آلمانی صحبت می‌شود؟,B1
52,Passive Voice: Present,مجهول: حال,werden + Partizip II,شدن + اسم مفعول,B1,8,sent,"Ja, Deutsch wird in Deutschland, Österreich und der Schweiz gesprochen.","Yes, German is spoken in Germany, Austria and Switzerland.",بله، آلمانی در آلمان، اتریش و سوئیس صحبت می‌شود.,B1
52,Passive Voice: Present,مجهول: حال,werden + Partizip II,شدن + اسم مفعول,B1,9,received,Werden die Schüler heute geprüft?,Are the students being tested today?,امروز دانش‌آموزان امتحان می‌شوند؟,B1
52,Passive Voice: Present,مجهول: حال,werden + Partizip II,شدن + اسم مفعول,B1,10,sent,"Ja, heute werden alle Schüler in Mathematik geprüft.","Yes, today all students are being tested in mathematics.",بله، امروز همه دانش‌آموزان در ریاضی امتحان می‌شوند.,B1
53,Relative Clauses,جملات موصولی,der/die/das as relative pronouns,که/کسی که به عنوان ضمیر موصولی,B1,1,received,"Kennst du den Mann, der dort steht?",Do you know the man who is standing there?,مردی که آنجا ایستاده را می‌شناسی؟,B1
53,Relative Clauses,جملات موصولی,der/die/das as relative pronouns,که/کسی که به عنوان ضمیر موصولی,B1,2,sent,"Ja, das ist der Lehrer, der uns Deutsch unterrichtet.","Yes, that is the teacher who teaches us German.",بله، او معلمی است که به ما آلمانی درس می‌دهد.,B1
53,Relative Clauses,جملات موصولی,der/die/das as relative pronouns,که/کسی که به عنوان ضمیر موصولی,B1,3,received,"Wo ist das Buch, das ich dir geliehen habe?",Where is the book that I lent you?,کتابی که بهت قرض دادم کجاست؟,B1
53,Relative Clauses,جملات موصولی,der/die/das as relative pronouns,که/کسی که به عنوان ضمیر موصولی,B1,4,sent,"Das Buch, das du mir geliehen hast, liegt auf dem Schreibtisch.",The book that you lent me is on the desk.,کتابی که بهم قرض دادی روی میز تحریر است.,B1
53,Relative Clauses,جملات موصولی,der/die/das as relative pronouns,که/کسی که به عنوان ضمیر موصولی,B1,5,received,"Die Frau, die neben mir sitzt, kommt aus Japan.",The woman who sits next to me comes from Japan.,زنی که کنار من نشسته اهل ژاپن است.,B1
53,Relative Clauses,جملات موصولی,der/die/das as relative pronouns,که/کسی که به عنوان ضمیر موصولی,B1,6,sent,"Interessant! Kennst du auch die Studenten, die aus Brasilien kommen?",Interesting! Do you also know the students who come from Brazil?,جالب! دانشجویانی که از برزیل آمده‌اند را هم می‌شناسی؟,B1
53,Relative Clauses,جملات موصولی,der/die/das as relative pronouns,که/کسی که به عنوان ضمیر موصولی,B1,7,received,"Die Stadt, in der ich aufgewachsen bin, ist sehr klein.",The city in which I grew up is very small.,شهری که در آن بزرگ شدم خیلی کوچک است.,B1
53,Relative Clauses,جملات موصولی,der/die/das as relative pronouns,که/کسی که به عنوان ضمیر موصولی,B1,8,sent,"Ich komme aus einer Stadt, die am Meer liegt.",I come from a city that is by the sea.,من از شهری می‌آیم که کنار دریاست.,B1
53,Relative Clauses,جملات موصولی,der/die/das as relative pronouns,که/کسی که به عنوان ضمیر موصولی,B1,9,received,"Das Restaurant, das wir gestern besucht haben, war ausgezeichnet.",The restaurant that we visited yesterday was excellent.,رستورانی که دیروز رفتیم عالی بود.,B1
53,Relative Clauses,جملات موصولی,der/die/das as relative pronouns,که/کسی که به عنوان ضمیر موصولی,B1,10,sent,"Ja, das Essen, das wir bestellt haben, war fantastisch.","Yes, the food that we ordered was fantastic.",بله، غذایی که سفارش دادیم فوق‌العاده بود.,B1
54,The Genitive Case,حالت اضافی,"des/der + noun, wegen, trotz",ملکی با des/der، به خاطر، با وجود,B1,1,received,Wessen Auto ist das?,Whose car is that?,ماشین مال کیست؟,B1
54,The Genitive Case,حالت اضافی,"des/der + noun, wegen, trotz",ملکی با des/der، به خاطر، با وجود,B1,2,sent,Das ist das Auto meines Vaters.,That is my father's car.,ماشین پدرم است.,B1
54,The Genitive Case,حالت اضافی,"des/der + noun, wegen, trotz",ملکی با des/der، به خاطر، با وجود,B1,3,received,Wegen des schlechten Wetters bleiben wir zu Hause.,Because of the bad weather we are staying home.,به خاطر هوای بد خانه می‌مانیم.,B1
54,The Genitive Case,حالت اضافی,"des/der + noun, wegen, trotz",ملکی با des/der، به خاطر، با وجود,B1,4,sent,Trotz des Regens möchte ich spazieren gehen.,Despite the rain I would like to go for a walk.,با وجود باران دلم می‌خواهد پیاده‌روی کنم.,B1
54,The Genitive Case,حالت اضافی,"des/der + noun, wegen, trotz",ملکی با des/der، به خاطر، با وجود,B1,5,received,Die Meinung des Professors ist sehr wichtig.,The opinion of the professor is very important.,نظر استاد خیلی مهم است.,B1
54,The Genitive Case,حالت اضافی,"des/der + noun, wegen, trotz",ملکی با des/der، به خاطر، با وجود,B1,6,sent,"Ja, und die Ergebnisse der Forschung sind interessant.","Yes, and the results of the research are interesting.",بله، و نتایج تحقیقات جالب است.,B1
54,The Genitive Case,حالت اضافی,"des/der + noun, wegen, trotz",ملکی با des/der، به خاطر، با وجود,B1,7,received,Innerhalb eines Jahres hat sie viel gelernt.,Within one year she learned a lot.,در عرض یک سال خیلی یاد گرفت.,B1
54,The Genitive Case,حالت اضافی,"des/der + noun, wegen, trotz",ملکی با des/der، به خاطر، با وجود,B1,8,sent,"Ja, während des letzten Semesters hat sie große Fortschritte gemacht.","Yes, during the last semester she made great progress.",بله، طی ترم گذشته پیشرفت زیادی کرد.,B1
54,The Genitive Case,حالت اضافی,"des/der + noun, wegen, trotz",ملکی با des/der، به خاطر، با وجود,B1,9,received,Außerhalb der Stadt gibt es schöne Wanderwege.,Outside of the city there are beautiful hiking trails.,خارج از شهر مسیرهای پیاده‌روی زیبایی هست.,B1
54,The Genitive Case,حالت اضافی,"des/der + noun, wegen, trotz",ملکی با des/der، به خاطر، با وجود,B1,10,sent,Am Ende des Weges liegt ein kleiner See.,At the end of the path there is a small lake.,انتهای مسیر یک دریاچه کوچک هست.,B1
55,Indirect Questions,سوالات غیرمستقیم,"ob, wann, wie, wo in indirect speech",آیا، کی، چگونه، کجا در نقل‌قول غیرمستقیم,B1,1,received,"Können Sie mir sagen, wo der Bahnhof ist?",Can you tell me where the train station is?,می‌توانید بگویید ایستگاه قطار کجاست؟,B1
55,Indirect Questions,سوالات غیرمستقیم,"ob, wann, wie, wo in indirect speech",آیا، کی، چگونه، کجا در نقل‌قول غیرمستقیم,B1,2,sent,"Ich weiß leider nicht, wo der Bahnhof genau ist.",Unfortunately I don't know exactly where the station is.,متاسفانه نمی‌دانم ایستگاه دقیقا کجاست.,B1
55,Indirect Questions,سوالات غیرمستقیم,"ob, wann, wie, wo in indirect speech",آیا، کی، چگونه، کجا در نقل‌قول غیرمستقیم,B1,3,received,"Weißt du, ob der Laden heute geöffnet hat?",Do you know if the shop is open today?,می‌دانی مغازه امروز باز است؟,B1
55,Indirect Questions,سوالات غیرمستقیم,"ob, wann, wie, wo in indirect speech",آیا، کی، چگونه، کجا در نقل‌قول غیرمستقیم,B1,4,sent,"Ich bin nicht sicher, ob er heute auf hat.",I am not sure if it is open today.,مطمئن نیستم که امروز باز باشد.,B1
55,Indirect Questions,سوالات غیرمستقیم,"ob, wann, wie, wo in indirect speech",آیا، کی، چگونه، کجا در نقل‌قول غیرمستقیم,B1,5,received,"Können Sie mir erklären, wie man ein Ticket kauft?",Can you explain to me how to buy a ticket?,می‌توانید توضیح دهید چطور بلیط بخرم؟,B1
55,Indirect Questions,سوالات غیرمستقیم,"ob, wann, wie, wo in indirect speech",آیا، کی، چگونه، کجا در نقل‌قول غیرمستقیم,B1,6,sent,"Ich zeige Ihnen, wie der Automat funktioniert.",I will show you how the machine works.,نشانتان می‌دهم دستگاه چطور کار می‌کند.,B1
55,Indirect Questions,سوالات غیرمستقیم,"ob, wann, wie, wo in indirect speech",آیا، کی، چگونه، کجا در نقل‌قول غیرمستقیم,B1,7,received,"Ich möchte wissen, wann der nächste Kurs beginnt.",I would like to know when the next course starts.,می‌خواهم بدانم کلاس بعدی کی شروع می‌شود.,B1
55,Indirect Questions,سوالات غیرمستقیم,"ob, wann, wie, wo in indirect speech",آیا، کی، چگونه، کجا در نقل‌قول غیرمستقیم,B1,8,sent,"Ich frage nach, wann genau der Kurs anfängt.",I will ask when exactly the course starts.,می‌پرسم دقیقا کی کلاس شروع می‌شود.,B1
55,Indirect Questions,سوالات غیرمستقیم,"ob, wann, wie, wo in indirect speech",آیا، کی، چگونه، کجا در نقل‌قول غیرمستقیم,B1,9,received,"Hat er gesagt, warum er nicht kommen kann?",Did he say why he can't come?,گفت چرا نمی‌تواند بیاید؟,B1
55,Indirect Questions,سوالات غیرمستقیم,"ob, wann, wie, wo in indirect speech",آیا، کی، چگونه، کجا در نقل‌قول غیرمستقیم,B1,10,sent,"Nein, er hat nicht gesagt, warum er absagen musste.","No, he didn't say why he had to cancel.",نه، نگفت چرا مجبور شد لغو کند.,B1
56,Environment & Nature,محیط زیست و طبیعت,man + passive alternatives,ساختار man + جایگزین مجهول,B1,1,received,Was kann man für die Umwelt tun?,What can one do for the environment?,چه کاری می‌توان برای محیط زیست انجام داد؟,B1
56,Environment & Nature,محیط زیست و طبیعت,man + passive alternatives,ساختار man + جایگزین مجهول,B1,2,sent,Man kann weniger Auto fahren und mehr öffentliche Verkehrsmittel benutzen.,One can drive less and use more public transportation.,می‌توان کمتر ماشین سوار شد و بیشتر از حمل‌ونقل عمومی استفاده کرد.,B1
56,Environment & Nature,محیط زیست و طبیعت,man + passive alternatives,ساختار man + جایگزین مجهول,B1,3,received,Wird das Klima wirklich wärmer?,Is the climate really getting warmer?,آب و هوا واقعا گرم‌تر می‌شود؟,B1
56,Environment & Nature,محیط زیست و طبیعت,man + passive alternatives,ساختار man + جایگزین مجهول,B1,4,sent,"Ja, man kann die Veränderungen deutlich sehen.","Yes, one can clearly see the changes.",بله، تغییرات را به وضوح می‌توان دید.,B1
56,Environment & Nature,محیط زیست و طبیعت,man + passive alternatives,ساختار man + جایگزین مجهول,B1,5,received,Trennst du deinen Müll?,Do you separate your waste?,زباله‌هایت را جدا می‌کنی؟,B1
56,Environment & Nature,محیط زیست و طبیعت,man + passive alternatives,ساختار man + جایگزین مجهول,B1,6,sent,"Ja, in Deutschland muss man den Müll in verschiedene Tonnen trennen.","Yes, in Germany one has to separate waste into different bins.",بله، در آلمان باید زباله را در سطل‌های مختلف جدا کرد.,B1
56,Environment & Nature,محیط زیست و طبیعت,man + passive alternatives,ساختار man + جایگزین مجهول,B1,7,received,Wie kann man Energie sparen?,How can one save energy?,چطور می‌توان انرژی صرفه‌جویی کرد؟,B1
56,Environment & Nature,محیط زیست و طبیعت,man + passive alternatives,ساختار man + جایگزین مجهول,B1,8,sent,Man sollte das Licht ausschalten und weniger heizen.,One should turn off lights and heat less.,باید چراغ‌ها را خاموش کرد و کمتر بخاری روشن کرد.,B1
56,Environment & Nature,محیط زیست و طبیعت,man + passive alternatives,ساختار man + جایگزین مجهول,B1,9,received,In meiner Stadt gibt es viele Parks und Grünflächen.,In my city there are many parks and green spaces.,در شهر من پارک‌ها و فضای سبز زیادی هست.,B1
56,Environment & Nature,محیط زیست و طبیعت,man + passive alternatives,ساختار man + جایگزین مجهول,B1,10,sent,Das ist schön. Die Natur ist wichtig für die Lebensqualität.,That is nice. Nature is important for quality of life.,عالیه. طبیعت برای کیفیت زندگی مهم است.,B1
57,Media & News,رسانه و اخبار,"Reported speech basics: Er sagt, dass...",نقل‌قول پایه: او می‌گوید که...,B1,1,received,Liest du regelmäßig Nachrichten?,Do you read news regularly?,مرتب اخبار می‌خوانی؟,B1
57,Media & News,رسانه و اخبار,"Reported speech basics: Er sagt, dass...",نقل‌قول پایه: او می‌گوید که...,B1,2,sent,"Ja, ich lese jeden Morgen die Nachrichten online.","Yes, I read the news online every morning.",بله، هر صبح اخبار آنلاین می‌خوانم.,B1
57,Media & News,رسانه و اخبار,"Reported speech basics: Er sagt, dass...",نقل‌قول پایه: او می‌گوید که...,B1,3,received,Was sagt der Bericht über die Wirtschaft?,What does the report say about the economy?,گزارش درباره اقتصاد چه می‌گوید؟,B1
57,Media & News,رسانه و اخبار,"Reported speech basics: Er sagt, dass...",نقل‌قول پایه: او می‌گوید که...,B1,4,sent,"Der Bericht sagt, dass die Wirtschaft langsam wächst.",The report says that the economy is growing slowly.,گزارش می‌گوید که اقتصاد به آرامی رشد می‌کند.,B1
57,Media & News,رسانه و اخبار,"Reported speech basics: Er sagt, dass...",نقل‌قول پایه: او می‌گوید که...,B1,5,received,"Der Journalist berichtet, dass es neue Gesetze geben wird.",The journalist reports that there will be new laws.,خبرنگار گزارش می‌دهد که قوانین جدیدی خواهد آمد.,B1
57,Media & News,رسانه و اخبار,"Reported speech basics: Er sagt, dass...",نقل‌قول پایه: او می‌گوید که...,B1,6,sent,"Ich habe gehört, dass die Regierung mehr in Bildung investieren will.",I heard that the government wants to invest more in education.,شنیده‌ام که دولت می‌خواهد بیشتر در آموزش سرمایه‌گذاری کند.,B1
57,Media & News,رسانه و اخبار,"Reported speech basics: Er sagt, dass...",نقل‌قول پایه: او می‌گوید که...,B1,7,received,"Glaubst du alles, was in den Medien steht?",Do you believe everything that is in the media?,همه چیزی که در رسانه‌ها هست باور می‌کنی؟,B1
57,Media & News,رسانه و اخبار,"Reported speech basics: Er sagt, dass...",نقل‌قول پایه: او می‌گوید که...,B1,8,sent,"Nein, man muss verschiedene Quellen vergleichen.","No, one has to compare different sources.",نه، باید منابع مختلف را مقایسه کرد.,B1
57,Media & News,رسانه و اخبار,"Reported speech basics: Er sagt, dass...",نقل‌قول پایه: او می‌گوید که...,B1,9,received,Soziale Medien spielen heute eine große Rolle.,Social media plays a big role today.,رسانه‌های اجتماعی امروزه نقش بزرگی دارند.,B1
57,Media & News,رسانه و اخبار,"Reported speech basics: Er sagt, dass...",نقل‌قول پایه: او می‌گوید که...,B1,10,sent,"Ja, aber man muss vorsichtig sein mit Falschinformationen.","Yes, but one has to be careful with misinformation.",بله، ولی باید مراقب اطلاعات نادرست بود.,B1
58,Health & Lifestyle,سلامت و سبک زندگی,"Infinitive clauses: ohne...zu, statt...zu",جملات مصدری: بدون اینکه...، به جای اینکه...,B1,1,received,Wie bleibst du fit und gesund?,How do you stay fit and healthy?,چطور سالم و سرحال می‌مانی؟,B1
58,Health & Lifestyle,سلامت و سبک زندگی,"Infinitive clauses: ohne...zu, statt...zu",جملات مصدری: بدون اینکه...، به جای اینکه...,B1,2,sent,"Ich versuche, jeden Tag Sport zu treiben, ohne es zu übertreiben.",I try to exercise every day without overdoing it.,سعی می‌کنم هر روز ورزش کنم بدون اینکه زیاده‌روی کنم.,B1
58,Health & Lifestyle,سلامت و سبک زندگی,"Infinitive clauses: ohne...zu, statt...zu",جملات مصدری: بدون اینکه...، به جای اینکه...,B1,3,received,Isst du gesund?,Do you eat healthy?,غذای سالم می‌خوری؟,B1
58,Health & Lifestyle,سلامت و سبک زندگی,"Infinitive clauses: ohne...zu, statt...zu",جملات مصدری: بدون اینکه...، به جای اینکه...,B1,4,sent,"Ich esse viel Obst und Gemüse, statt Fastfood zu essen.",I eat a lot of fruit and vegetables instead of eating fast food.,میوه و سبزیجات زیاد می‌خورم به جای اینکه فست‌فود بخورم.,B1
58,Health & Lifestyle,سلامت و سبک زندگی,"Infinitive clauses: ohne...zu, statt...zu",جملات مصدری: بدون اینکه...، به جای اینکه...,B1,5,received,Schläfst du genug?,Do you sleep enough?,به اندازه کافی می‌خوابی؟,B1
58,Health & Lifestyle,سلامت و سبک زندگی,"Infinitive clauses: ohne...zu, statt...zu",جملات مصدری: بدون اینکه...، به جای اینکه...,B1,6,sent,"Ich versuche acht Stunden zu schlafen, ohne den Wecker zu benutzen.",I try to sleep eight hours without using the alarm clock.,سعی می‌کنم هشت ساعت بخوابم بدون اینکه از زنگ ساعت استفاده کنم.,B1
58,Health & Lifestyle,سلامت و سبک زندگی,"Infinitive clauses: ohne...zu, statt...zu",جملات مصدری: بدون اینکه...، به جای اینکه...,B1,7,received,Rauchst du?,Do you smoke?,سیگار می‌کشی؟,A2
58,Health & Lifestyle,سلامت و سبک زندگی,"Infinitive clauses: ohne...zu, statt...zu",جملات مصدری: بدون اینکه...، به جای اینکه...,B1,8,sent,"Nein, ich habe vor einem Jahr aufgehört zu rauchen.","No, I stopped smoking a year ago.",نه، یک سال پیش سیگار را ترک کردم.,B1
58,Health & Lifestyle,سلامت و سبک زندگی,"Infinitive clauses: ohne...zu, statt...zu",جملات مصدری: بدون اینکه...، به جای اینکه...,B1,9,received,Stress ist schlecht für die Gesundheit.,Stress is bad for health.,استرس برای سلامتی ضرر دارد.,B1
58,Health & Lifestyle,سلامت و سبک زندگی,"Infinitive clauses: ohne...zu, statt...zu",جملات مصدری: بدون اینکه...، به جای اینکه...,B1,10,sent,"Ja, statt sich zu stressen, sollte man Pausen machen und sich entspannen.","Yes, instead of stressing, one should take breaks and relax.",بله، به جای استرس داشتن باید استراحت کرد و آرامش یافت.,B1
59,Expressing Opinions,بیان نظر,"Ich finde/denke/meine, dass...",فکر می‌کنم/به نظرم، که...,B1,1,received,Was denkst du über das Leben in Deutschland?,What do you think about life in Germany?,درباره زندگی در آلمان چه فکر می‌کنی؟,B1
59,Expressing Opinions,بیان نظر,"Ich finde/denke/meine, dass...",فکر می‌کنم/به نظرم، که...,B1,2,sent,"Ich finde, dass das Leben hier gut organisiert ist.",I think that life here is well organized.,به نظرم زندگی اینجا خوب سازمان‌دهی شده.,B1
59,Expressing Opinions,بیان نظر,"Ich finde/denke/meine, dass...",فکر می‌کنم/به نظرم، که...,B1,3,received,"Bist du damit einverstanden, dass Bildung kostenlos sein sollte?",Do you agree that education should be free?,موافقی که آموزش باید رایگان باشد؟,B1
59,Expressing Opinions,بیان نظر,"Ich finde/denke/meine, dass...",فکر می‌کنم/به نظرم، که...,B1,4,sent,"Ja, ich bin der Meinung, dass jeder Zugang zu kostenloser Bildung haben sollte.","Yes, I am of the opinion that everyone should have access to free education.",بله، نظرم این است که همه باید به آموزش رایگان دسترسی داشته باشند.,B1
59,Expressing Opinions,بیان نظر,"Ich finde/denke/meine, dass...",فکر می‌کنم/به نظرم، که...,B1,5,received,"Manche Leute meinen, dass Technologie das Leben komplizierter macht.",Some people think that technology makes life more complicated.,بعضی‌ها معتقدند که فناوری زندگی را پیچیده‌تر می‌کند.,B1
59,Expressing Opinions,بیان نظر,"Ich finde/denke/meine, dass...",فکر می‌کنم/به نظرم، که...,B1,6,sent,"Da bin ich anderer Meinung. Ich glaube, dass Technologie vieles erleichtert.",I disagree. I believe that technology makes many things easier.,من نظر دیگری دارم. معتقدم که فناوری خیلی چیزها را آسان‌تر می‌کند.,B1
59,Expressing Opinions,بیان نظر,"Ich finde/denke/meine, dass...",فکر می‌کنم/به نظرم، که...,B1,7,received,Was hältst du von der öffentlichen Verkehrsanbindung?,What do you think of the public transport connections?,نظرت درباره حمل‌ونقل عمومی چیه؟,B1
59,Expressing Opinions,بیان نظر,"Ich finde/denke/meine, dass...",فکر می‌کنم/به نظرم، که...,B1,8,sent,Meiner Meinung nach ist der öffentliche Verkehr hier sehr gut.,In my opinion public transport here is very good.,به نظر من حمل‌ونقل عمومی اینجا خیلی خوب است.,B1
59,Expressing Opinions,بیان نظر,"Ich finde/denke/meine, dass...",فکر می‌کنم/به نظرم، که...,B1,9,received,"Findest du, dass man eine Fremdsprache lernen muss?",Do you think one has to learn a foreign language?,فکر می‌کنی آدم باید زبان خارجی یاد بگیرد؟,B1
59,Expressing Opinions,بیان نظر,"Ich finde/denke/meine, dass...",فکر می‌کنم/به نظرم، که...,B1,10,sent,"Auf jeden Fall! Ich bin überzeugt, dass Sprachen die Welt öffnen.",Absolutely! I am convinced that languages open the world.,قطعا! متقاعد هستم که زبان‌ها دنیا را باز می‌کنند.,B1
60,Cultural Differences,تفاوت‌های فرهنگی,"Temporal clauses: bevor, nachdem, während",جملات زمانی: قبل از، بعد از، در حین,B1,1,received,"Was hat dich am meisten überrascht, als du nach Deutschland kamst?",What surprised you most when you came to Germany?,وقتی به آلمان آمدی بیشتر از همه از چه چیزی تعجب کردی؟,B1
60,Cultural Differences,تفاوت‌های فرهنگی,"Temporal clauses: bevor, nachdem, während",جملات زمانی: قبل از، بعد از، در حین,B1,2,sent,"Bevor ich nach Deutschland kam, wusste ich nicht, dass Pünktlichkeit so wichtig ist.","Before I came to Germany, I didn't know that punctuality is so important.",قبل از اینکه به آلمان بیایم نمی‌دانستم وقت‌شناسی اینقدر مهم است.,B1
60,Cultural Differences,تفاوت‌های فرهنگی,"Temporal clauses: bevor, nachdem, während",جملات زمانی: قبل از، بعد از، در حین,B1,3,received,Gibt es große Unterschiede zwischen der deutschen und iranischen Kultur?,Are there big differences between German and Iranian culture?,بین فرهنگ آلمانی و ایرانی تفاوت‌های بزرگی هست؟,B1
60,Cultural Differences,تفاوت‌های فرهنگی,"Temporal clauses: bevor, nachdem, während",جملات زمانی: قبل از، بعد از، در حین,B1,4,sent,"Ja, nachdem ich einige Zeit hier gelebt habe, habe ich viele Unterschiede bemerkt.","Yes, after I lived here for some time, I noticed many differences.",بله، بعد از اینکه مدتی اینجا زندگی کردم تفاوت‌های زیادی دیدم.,B1
60,Cultural Differences,تفاوت‌های فرهنگی,"Temporal clauses: bevor, nachdem, während",جملات زمانی: قبل از، بعد از، در حین,B1,5,received,Wie feiert man Neujahr im Iran?,How do you celebrate New Year in Iran?,در ایران سال نو چطور جشن گرفته می‌شود؟,B1
60,Cultural Differences,تفاوت‌های فرهنگی,"Temporal clauses: bevor, nachdem, während",جملات زمانی: قبل از، بعد از، در حین,B1,6,sent,"Während in Deutschland Silvester am 31. Dezember gefeiert wird, feiern wir Nowruz im März.","While in Germany New Year is celebrated on December 31st, we celebrate Nowruz in March.",در حالی که در آلمان سال نو ۳۱ دسامبر جشن گرفته می‌شود، ما نوروز را در مارس جشن می‌گیریم.,B1
60,Cultural Differences,تفاوت‌های فرهنگی,"Temporal clauses: bevor, nachdem, während",جملات زمانی: قبل از، بعد از، در حین,B1,7,received,Was vermisst du am meisten aus deiner Heimat?,What do you miss most from your homeland?,بیشتر از همه از وطنت چه چیزی دلت تنگ شده؟,B1
60,Cultural Differences,تفاوت‌های فرهنگی,"Temporal clauses: bevor, nachdem, während",جملات زمانی: قبل از، بعد از، در حین,B1,8,sent,"Nachdem ich ein Jahr hier war, habe ich das iranische Essen am meisten vermisst.","After being here for a year, I missed Iranian food the most.",بعد از یک سال اینجا، بیشتر از همه دلم برای غذای ایرانی تنگ شده.,B1
60,Cultural Differences,تفاوت‌های فرهنگی,"Temporal clauses: bevor, nachdem, während",جملات زمانی: قبل از، بعد از، در حین,B1,9,received,"Ist es schwer, sich an eine neue Kultur anzupassen?",Is it hard to adapt to a new culture?,سازگار شدن با فرهنگ جدید سخت است؟,B1
60,Cultural Differences,تفاوت‌های فرهنگی,"Temporal clauses: bevor, nachdem, während",جملات زمانی: قبل از، بعد از، در حین,B1,10,sent,"Am Anfang war es schwer, aber während man neue Freunde findet, wird es leichter.","In the beginning it was hard, but while you make new friends, it gets easier.",اوایل سخت بود ولی در حالی که دوست‌های جدید پیدا می‌کنی آسان‌تر می‌شود.,B1
61,Konjunktiv II: würde + Infinitiv,وجه التزامی: فرضی,Hypothetical situations with würde,حالت‌های فرضی با würde,B1,1,received,"Was würdest du machen, wenn du viel Geld hättest?",What would you do if you had a lot of money?,اگر پول زیادی داشتی چه کار می‌کردی؟,B1
61,Konjunktiv II: würde + Infinitiv,وجه التزامی: فرضی,Hypothetical situations with würde,حالت‌های فرضی با würde,B1,2,sent,Ich würde um die Welt reisen und viele Länder besuchen.,I would travel around the world and visit many countries.,دور دنیا سفر می‌کردم و کشورهای زیادی می‌دیدم.,B1
61,Konjunktiv II: würde + Infinitiv,وجه التزامی: فرضی,Hypothetical situations with würde,حالت‌های فرضی با würde,B1,3,received,Würdest du in Deutschland bleiben oder zurückgehen?,Would you stay in Germany or go back?,در آلمان می‌ماندی یا برمی‌گشتی؟,B1
61,Konjunktiv II: würde + Infinitiv,وجه التزامی: فرضی,Hypothetical situations with würde,حالت‌های فرضی با würde,B1,4,sent,"Ich würde wahrscheinlich hier bleiben, weil ich mich hier wohlfühle.",I would probably stay here because I feel comfortable here.,احتمالا اینجا می‌ماندم چون اینجا احساس راحتی می‌کنم.,B1
61,Konjunktiv II: würde + Infinitiv,وجه التزامی: فرضی,Hypothetical situations with würde,حالت‌های فرضی با würde,B1,5,received,"Wenn ich du wäre, würde ich mehr Deutsch üben.","If I were you, I would practice more German.",اگر جای تو بودم بیشتر آلمانی تمرین می‌کردم.,B1
61,Konjunktiv II: würde + Infinitiv,وجه التزامی: فرضی,Hypothetical situations with würde,حالت‌های فرضی با würde,B1,6,sent,Du hast Recht. Ich würde gern einen Tandempartner finden.,You are right. I would like to find a tandem partner.,حق با توست. دوست دارم یک شریک تمرین زبان پیدا کنم.,B1
61,Konjunktiv II: würde + Infinitiv,وجه التزامی: فرضی,Hypothetical situations with würde,حالت‌های فرضی با würde,B1,7,received,Würden Sie mir bitte den Weg zum Museum erklären?,Would you please explain the way to the museum?,لطفا مسیر موزه را توضیح می‌دهید؟,B1
61,Konjunktiv II: würde + Infinitiv,وجه التزامی: فرضی,Hypothetical situations with würde,حالت‌های فرضی با würde,B1,8,sent,Natürlich! An Ihrer Stelle würde ich den Bus Linie 5 nehmen.,Of course! In your place I would take bus line 5.,البته! به جای شما اتوبوس خط ۵ را می‌گرفتم.,B1
61,Konjunktiv II: würde + Infinitiv,وجه التزامی: فرضی,Hypothetical situations with würde,حالت‌های فرضی با würde,B1,9,received,"Es wäre schön, wenn wir zusammen kochen würden.",It would be nice if we would cook together.,خوب بود اگر با هم آشپزی می‌کردیم.,B1
61,Konjunktiv II: würde + Infinitiv,وجه التزامی: فرضی,Hypothetical situations with würde,حالت‌های فرضی با würde,B1,10,sent,"Ja, das würde mir großen Spaß machen!","Yes, that would be a lot of fun for me!",بله، خیلی لذت‌بخش می‌شد!,B1
62,Konjunktiv II: hätte/wäre,وجه التزامی: داشتن/بودن,"hätte, wäre, könnte, müsste",داشتم، بودم، می‌توانستم، مجبور بودم,B1,1,received,"Wenn ich mehr Zeit hätte, würde ich ein Instrument lernen.","If I had more time, I would learn an instrument.",اگر وقت بیشتری داشتم یک ساز یاد می‌گرفتم.,B1
62,Konjunktiv II: hätte/wäre,وجه التزامی: داشتن/بودن,"hätte, wäre, könnte, müsste",داشتم، بودم، می‌توانستم، مجبور بودم,B1,2,sent,"Ich wäre froh, wenn ich besser Deutsch könnte.",I would be happy if I could speak better German.,خوشحال بودم اگر بهتر آلمانی بلد بودم.,B1
62,Konjunktiv II: hätte/wäre,وجه التزامی: داشتن/بودن,"hätte, wäre, könnte, müsste",داشتم، بودم، می‌توانستم، مجبور بودم,B1,3,received,Hättest du Lust auf einen Spaziergang?,Would you like to go for a walk?,حوصله پیاده‌روی داری؟,B1
62,Konjunktiv II: hätte/wäre,وجه التزامی: داشتن/بودن,"hätte, wäre, könnte, müsste",داشتم، بودم، می‌توانستم، مجبور بودم,B1,4,sent,"Ja, das wäre schön! Wenn es nicht regnen würde.","Yes, that would be nice! If it weren't raining.",بله، خوب بود! اگر باران نمی‌بارید.,B1
62,Konjunktiv II: hätte/wäre,وجه التزامی: داشتن/بودن,"hätte, wäre, könnte, müsste",داشتم، بودم، می‌توانستم، مجبور بودم,B1,5,received,An deiner Stelle wäre ich vorsichtiger.,In your place I would be more careful.,جای تو بودم مواظب‌تر بودم.,B1
62,Konjunktiv II: hätte/wäre,وجه التزامی: داشتن/بودن,"hätte, wäre, könnte, müsste",داشتم، بودم، می‌توانستم، مجبور بودم,B1,6,sent,Du hast Recht. Ich hätte nicht so schnell fahren sollen.,You are right. I shouldn't have driven so fast.,حق با توست. نباید اینقدر تند رانندگی می‌کردم.,B1
62,Konjunktiv II: hätte/wäre,وجه التزامی: داشتن/بودن,"hätte, wäre, könnte, müsste",داشتم، بودم، می‌توانستم، مجبور بودم,B1,7,received,Könntest du mir bei den Hausaufgaben helfen?,Could you help me with the homework?,می‌توانستی با تکالیفم کمکم کنی؟,B1
62,Konjunktiv II: hätte/wäre,وجه التزامی: داشتن/بودن,"hätte, wäre, könnte, müsste",داشتم، بودم، می‌توانستم، مجبور بودم,B1,8,sent,Klar! Ich hätte jetzt Zeit. Was müsstest du machen?,Sure! I would have time now. What would you need to do?,البته! الان وقت دارم. چه کاری باید بکنی؟,B1
62,Konjunktiv II: hätte/wäre,وجه التزامی: داشتن/بودن,"hätte, wäre, könnte, müsste",داشتم، بودم، می‌توانستم، مجبور بودم,B1,9,received,"Wenn wir früher angefangen hätten, wären wir jetzt fertig.","If we had started earlier, we would be finished now.",اگر زودتر شروع کرده بودیم الان تمام شده بود.,B1
62,Konjunktiv II: hätte/wäre,وجه التزامی: داشتن/بودن,"hätte, wäre, könnte, müsste",داشتم، بودم، می‌توانستم، مجبور بودم,B1,10,sent,"Ja, das stimmt. Nächstes Mal sollten wir früher anfangen.","Yes, that's true. Next time we should start earlier.",بله، درسته. دفعه بعد باید زودتر شروع کنیم.,B1
63,Passive Voice: Past,مجهول: گذشته,"wurde + Partizip II, ist...worden",شد + اسم مفعول,B1,1,received,Wann wurde diese Kirche gebaut?,When was this church built?,این کلیسا کی ساخته شد؟,B1
63,Passive Voice: Past,مجهول: گذشته,"wurde + Partizip II, ist...worden",شد + اسم مفعول,B1,2,sent,Diese Kirche wurde im 15. Jahrhundert gebaut.,This church was built in the 15th century.,این کلیسا در قرن پانزدهم ساخته شد.,B1
63,Passive Voice: Past,مجهول: گذشته,"wurde + Partizip II, ist...worden",شد + اسم مفعول,B1,3,received,Wurde der Dieb gefasst?,Was the thief caught?,دزد دستگیر شد؟,B1
63,Passive Voice: Past,مجهول: گذشته,"wurde + Partizip II, ist...worden",شد + اسم مفعول,B1,4,sent,"Ja, er wurde gestern von der Polizei verhaftet.","Yes, he was arrested by the police yesterday.",بله، دیروز توسط پلیس بازداشت شد.,B1
63,Passive Voice: Past,مجهول: گذشته,"wurde + Partizip II, ist...worden",شد + اسم مفعول,B1,5,received,Das Buch wurde in viele Sprachen übersetzt.,The book was translated into many languages.,کتاب به زبان‌های زیادی ترجمه شد.,B1
63,Passive Voice: Past,مجهول: گذشته,"wurde + Partizip II, ist...worden",شد + اسم مفعول,B1,6,sent,"Ja, es ist auch ins Persische übersetzt worden.","Yes, it has also been translated into Persian.",بله، به فارسی هم ترجمه شده است.,B1
63,Passive Voice: Past,مجهول: گذشته,"wurde + Partizip II, ist...worden",شد + اسم مفعول,B1,7,received,Wann wurde das Brandenburger Tor errichtet?,When was the Brandenburg Gate erected?,دروازه براندنبورگ کی ساخته شد؟,B1
63,Passive Voice: Past,مجهول: گذشته,"wurde + Partizip II, ist...worden",شد + اسم مفعول,B1,8,sent,Es wurde Ende des 18. Jahrhunderts errichtet.,It was erected at the end of the 18th century.,اواخر قرن هجدهم ساخته شد.,B1
63,Passive Voice: Past,مجهول: گذشته,"wurde + Partizip II, ist...worden",شد + اسم مفعول,B1,9,received,Die Straße wird gerade repariert.,The street is being repaired right now.,خیابان در حال تعمیر است.,B1
63,Passive Voice: Past,مجهول: گذشته,"wurde + Partizip II, ist...worden",شد + اسم مفعول,B1,10,sent,"Ja, sie wurde letzte Woche gesperrt und wird nächste Woche wieder geöffnet.","Yes, it was closed last week and will be opened again next week.",بله، هفته پیش بسته شد و هفته آینده دوباره باز می‌شود.,B1
64,N-Declension,تصریف نون,"den Studenten, dem Kollegen, des Herrn",دانشجو را، به همکار، آقای,B1,1,received,Kennst du den neuen Studenten in unserem Kurs?,Do you know the new student in our course?,دانشجوی جدید کلاسمان را می‌شناسی؟,B1
64,N-Declension,تصریف نون,"den Studenten, dem Kollegen, des Herrn",دانشجو را، به همکار، آقای,B1,2,sent,"Ja, ich habe dem Studenten gestern bei der Aufgabe geholfen.","Yes, I helped the student with the assignment yesterday.",بله، دیروز به دانشجو در تکلیف کمک کردم.,B1
64,N-Declension,تصریف نون,"den Studenten, dem Kollegen, des Herrn",دانشجو را، به همکار، آقای,B1,3,received,Der Name des Herrn ist mir leider entfallen.,The gentleman's name unfortunately slipped my mind.,متاسفانه نام آن آقا یادم رفته.,B1
64,N-Declension,تصریف نون,"den Studenten, dem Kollegen, des Herrn",دانشجو را، به همکار، آقای,B1,4,sent,Er heißt Herr Schmidt. Er ist ein Kollege meines Nachbarn.,His name is Mr. Schmidt. He is a colleague of my neighbor.,نامش آقای اشمیت است. همکار همسایه‌ام است.,B1
64,N-Declension,تصریف نون,"den Studenten, dem Kollegen, des Herrn",دانشجو را، به همکار، آقای,B1,5,received,Ich habe einen Termin beim Präsidenten der Universität.,I have an appointment with the president of the university.,با رئیس دانشگاه وقت ملاقات دارم.,B1
64,N-Declension,تصریف نون,"den Studenten, dem Kollegen, des Herrn",دانشجو را، به همکار، آقای,B1,6,sent,Bei welchem Experten warst du zur Beratung?,Which expert did you go to for advice?,پیش کدام کارشناس برای مشاوره رفتی؟,B1
64,N-Declension,تصریف نون,"den Studenten, dem Kollegen, des Herrn",دانشجو را، به همکار، آقای,B1,7,received,Ich war beim Spezialisten für Herzerkrankungen.,I was at the specialist for heart diseases.,پیش متخصص بیماری‌های قلبی بودم.,B1
64,N-Declension,تصریف نون,"den Studenten, dem Kollegen, des Herrn",دانشجو را، به همکار، آقای,B1,8,sent,Hoffentlich hat der Spezialist dir gute Nachrichten gegeben.,Hopefully the specialist gave you good news.,امیدوارم متخصص خبرهای خوبی داده باشد.,B1
64,N-Declension,تصریف نون,"den Studenten, dem Kollegen, des Herrn",دانشجو را، به همکار، آقای,B1,9,received,Der Fotograf hat den Diplomaten bei der Konferenz fotografiert.,The photographer photographed the diplomat at the conference.,عکاس از دیپلمات در کنفرانس عکس گرفت.,B1
64,N-Declension,تصریف نون,"den Studenten, dem Kollegen, des Herrn",دانشجو را، به همکار، آقای,B1,10,sent,Die Rede des Philosophen war sehr beeindruckend.,The speech of the philosopher was very impressive.,سخنرانی فیلسوف بسیار تاثیرگذار بود.,B1
65,Double Infinitive,مصدر دوگانه,"hat kommen können, hat machen wollen",توانست بیاید، خواست انجام دهد,B1,1,received,Warum bist du gestern nicht gekommen?,Why didn't you come yesterday?,چرا دیروز نیامدی؟,B1
65,Double Infinitive,مصدر دوگانه,"hat kommen können, hat machen wollen",توانست بیاید، خواست انجام دهد,B1,2,sent,"Ich habe leider nicht kommen können, weil ich krank war.",Unfortunately I was not able to come because I was sick.,متاسفانه نتوانستم بیایم چون مریض بودم.,B1
65,Double Infinitive,مصدر دوگانه,"hat kommen können, hat machen wollen",توانست بیاید، خواست انجام دهد,B1,3,received,Hat Maria das Projekt allein machen müssen?,Did Maria have to do the project alone?,ماریا مجبور شد پروژه را تنها انجام بدهد؟,B1
65,Double Infinitive,مصدر دوگانه,"hat kommen können, hat machen wollen",توانست بیاید، خواست انجام دهد,B1,4,sent,"Ja, sie hat es allein machen müssen, weil niemand ihr geholfen hat.","Yes, she had to do it alone because nobody helped her.",بله، مجبور شد تنها انجام بدهد چون کسی کمکش نکرد.,B1
65,Double Infinitive,مصدر دوگانه,"hat kommen können, hat machen wollen",توانست بیاید، خواست انجام دهد,B1,5,received,Hast du den Film sehen wollen?,Did you want to see the movie?,خواستی فیلم را ببینی؟,B1
65,Double Infinitive,مصدر دوگانه,"hat kommen können, hat machen wollen",توانست بیاید، خواست انجام دهد,B1,6,sent,"Ja, ich habe ihn sehen wollen, aber ich habe keine Karten bekommen können.","Yes, I wanted to see it but I couldn't get tickets.",بله، می‌خواستم ببینم ولی نتوانستم بلیط بگیرم.,B1
65,Double Infinitive,مصدر دوگانه,"hat kommen können, hat machen wollen",توانست بیاید، خواست انجام دهد,B1,7,received,Sie hat nicht mitkommen dürfen.,She was not allowed to come along.,اجازه نداشت بیاید.,B1
65,Double Infinitive,مصدر دوگانه,"hat kommen können, hat machen wollen",توانست بیاید، خواست انجام دهد,B1,8,sent,Schade! Sie hätte bestimmt gern mitkommen wollen.,Too bad! She certainly would have liked to come along.,حیف! حتما دوست داشت بیاید.,B1
65,Double Infinitive,مصدر دوگانه,"hat kommen können, hat machen wollen",توانست بیاید، خواست انجام دهد,B1,9,received,Er hat die Aufgabe nicht verstehen können.,He was not able to understand the assignment.,نتوانست تکلیف را بفهمد.,B1
65,Double Infinitive,مصدر دوگانه,"hat kommen können, hat machen wollen",توانست بیاید، خواست انجام دهد,B1,10,sent,"Ich hätte ihm helfen sollen, aber ich habe es nicht gewusst.","I should have helped him, but I didn't know.",باید کمکش می‌کردم ولی نمی‌دانستم.,B1
66,Advanced Adjective Declension,صرف پیشرفته صفت,Adjectives without articles,صفات بدون حرف تعریف,B1,1,received,Möchten Sie kaltes Wasser oder warmen Tee?,Would you like cold water or warm tea?,آب سرد می‌خواهید یا چای گرم؟,B1
66,Advanced Adjective Declension,صرف پیشرفته صفت,Adjectives without articles,صفات بدون حرف تعریف,B1,2,sent,"Kaltes Wasser, bitte. Bei heißem Wetter trinke ich lieber Wasser.","Cold water, please. In hot weather I prefer drinking water.",آب سرد، لطفا. در هوای گرم ترجیح می‌دهم آب بنوشم.,B1
66,Advanced Adjective Declension,صرف پیشرفته صفت,Adjectives without articles,صفات بدون حرف تعریف,B1,3,received,Auf dem Markt gibt es frisches Obst und frisches Gemüse.,At the market there is fresh fruit and fresh vegetables.,در بازار میوه تازه و سبزیجات تازه هست.,B1
66,Advanced Adjective Declension,صرف پیشرفته صفت,Adjectives without articles,صفات بدون حرف تعریف,B1,4,sent,Ich kaufe gern frisches Brot vom Bäcker.,I like to buy fresh bread from the baker.,از نانوایی نان تازه می‌خرم.,B1
66,Advanced Adjective Declension,صرف پیشرفته صفت,Adjectives without articles,صفات بدون حرف تعریف,B1,5,received,Mit großer Freude lade ich Sie zur Feier ein.,With great pleasure I invite you to the celebration.,با کمال خوشحالی شما را به جشن دعوت می‌کنم.,B1
66,Advanced Adjective Declension,صرف پیشرفته صفت,Adjectives without articles,صفات بدون حرف تعریف,B1,6,sent,Vielen Dank! Ich komme mit großem Interesse.,Thank you! I come with great interest.,خیلی ممنون! با علاقه زیاد می‌آیم.,B1
66,Advanced Adjective Declension,صرف پیشرفته صفت,Adjectives without articles,صفات بدون حرف تعریف,B1,7,received,Nach langem Überlegen habe ich mich entschieden.,After long deliberation I have decided.,بعد از فکر زیاد تصمیم گرفتم.,B1
66,Advanced Adjective Declension,صرف پیشرفته صفت,Adjectives without articles,صفات بدون حرف تعریف,B1,8,sent,Gut! Trotz schlechten Wetters gehen wir wandern.,Good! Despite bad weather we are going hiking.,خوب! با وجود هوای بد پیاده‌روی می‌رویم.,B1
66,Advanced Adjective Declension,صرف پیشرفته صفت,Adjectives without articles,صفات بدون حرف تعریف,B1,9,received,Deutscher Wein ist weltbekannt.,German wine is world-famous.,شراب آلمانی در جهان مشهور است.,B1
66,Advanced Adjective Declension,صرف پیشرفته صفت,Adjectives without articles,صفات بدون حرف تعریف,B1,10,sent,"Ja, besonders weißer Wein aus dem Rheintal.","Yes, especially white wine from the Rhine valley.",بله، مخصوصا شراب سفید از دره راین.,B1
67,Formal Letter Writing,نامه‌نگاری رسمی,Formal register: Sehr geehrte/r,سطح رسمی: محترم,B1,1,received,Hast du schon die Bewerbung geschrieben?,Have you already written the application?,رزومه را نوشته‌ای؟,B1
67,Formal Letter Writing,نامه‌نگاری رسمی,Formal register: Sehr geehrte/r,سطح رسمی: محترم,B1,2,sent,"Ja, ich beginne mit: Sehr geehrte Damen und Herren.","Yes, I begin with: Dear Sir or Madam.",بله، شروع می‌کنم با: خانم‌ها و آقایان محترم.,B1
67,Formal Letter Writing,نامه‌نگاری رسمی,Formal register: Sehr geehrte/r,سطح رسمی: محترم,B1,3,received,Wie schließt man einen formellen Brief ab?,How do you close a formal letter?,نامه رسمی را چطور تمام می‌کنند؟,B1
67,Formal Letter Writing,نامه‌نگاری رسمی,Formal register: Sehr geehrte/r,سطح رسمی: محترم,B1,4,sent,"Man schreibt: Mit freundlichen Grüßen, und dann den Namen.","You write: With kind regards, and then the name.",می‌نویسیم: با احترام، و سپس نام.,B1
67,Formal Letter Writing,نامه‌نگاری رسمی,Formal register: Sehr geehrte/r,سطح رسمی: محترم,B1,5,received,Ich möchte mich über den schlechten Service beschweren.,I would like to complain about the bad service.,می‌خواهم درباره سرویس بد شکایت کنم.,B1
67,Formal Letter Writing,نامه‌نگاری رسمی,Formal register: Sehr geehrte/r,سطح رسمی: محترم,B1,6,sent,Sie könnten schreiben: Hiermit möchte ich mich über den mangelhaften Service beschweren.,You could write: Hereby I would like to complain about the poor service.,می‌توانید بنویسید: بدینوسیله مایلم از خدمات نامناسب شکایت کنم.,B1
67,Formal Letter Writing,نامه‌نگاری رسمی,Formal register: Sehr geehrte/r,سطح رسمی: محترم,B1,7,received,Wie bittet man höflich um eine Antwort?,How does one politely ask for a reply?,چطور مؤدبانه درخواست پاسخ می‌کنند؟,B1
67,Formal Letter Writing,نامه‌نگاری رسمی,Formal register: Sehr geehrte/r,سطح رسمی: محترم,B1,8,sent,Man kann schreiben: Ich würde mich über eine baldige Rückmeldung freuen.,One can write: I would be happy about a prompt response.,می‌توان نوشت: از پاسخ سریع شما خوشحال می‌شوم.,B1
67,Formal Letter Writing,نامه‌نگاری رسمی,Formal register: Sehr geehrte/r,سطح رسمی: محترم,B1,9,received,Soll ich den Brief per Post oder per E-Mail schicken?,Should I send the letter by post or by email?,نامه را پستی بفرستم یا ایمیل؟,B1
67,Formal Letter Writing,نامه‌نگاری رسمی,Formal register: Sehr geehrte/r,سطح رسمی: محترم,B1,10,sent,Heutzutage wird meistens per E-Mail kommuniziert.,Nowadays communication is mostly done by email.,امروزه بیشتر از طریق ایمیل ارتباط برقرار می‌شود.,B1
68,Job Interview,مصاحبه شغلی,Complex self-presentation,معرفی پیچیده خود,B1,1,received,Erzählen Sie uns bitte etwas über sich.,Please tell us something about yourself.,لطفا کمی درباره خودتان بگویید.,B1
68,Job Interview,مصاحبه شغلی,Complex self-presentation,معرفی پیچیده خود,B1,2,sent,Ich habe an der Universität Teheran Informatik studiert und arbeite seit drei Jahren als Entwickler.,I studied computer science at the University of Tehran and have been working as a developer for three years.,در دانشگاه تهران کامپیوتر خوانده‌ام و سه سال است به عنوان برنامه‌نویس کار می‌کنم.,B1
68,Job Interview,مصاحبه شغلی,Complex self-presentation,معرفی پیچیده خود,B1,3,received,Warum haben Sie sich bei uns beworben?,Why did you apply to us?,چرا پیش ما درخواست دادید؟,B1
68,Job Interview,مصاحبه شغلی,Complex self-presentation,معرفی پیچیده خود,B1,4,sent,"Ich habe mich beworben, weil Ihre Firma für innovative Projekte bekannt ist.",I applied because your company is known for innovative projects.,درخواست دادم چون شرکت شما به خاطر پروژه‌های نوآورانه مشهور است.,B1
68,Job Interview,مصاحبه شغلی,Complex self-presentation,معرفی پیچیده خود,B1,5,received,Was sind Ihre Stärken?,What are your strengths?,نقاط قوت شما چیست؟,B1
68,Job Interview,مصاحبه شغلی,Complex self-presentation,معرفی پیچیده خود,B1,6,sent,"Ich bin teamfähig, zuverlässig und kann gut Probleme lösen.","I am a team player, reliable and good at solving problems.",کار تیمی بلدم، قابل اعتماد هستم و در حل مسائل خوب هستم.,B1
68,Job Interview,مصاحبه شغلی,Complex self-presentation,معرفی پیچیده خود,B1,7,received,Wo sehen Sie sich in fünf Jahren?,Where do you see yourself in five years?,پنج سال بعد خودتان را کجا می‌بینید؟,B2
68,Job Interview,مصاحبه شغلی,Complex self-presentation,معرفی پیچیده خود,B1,8,sent,In fünf Jahren möchte ich eine leitende Position in der Softwareentwicklung haben.,In five years I would like to have a leading position in software development.,پنج سال بعد دوست دارم پست مدیریتی در توسعه نرم‌افزار داشته باشم.,B2
68,Job Interview,مصاحبه شغلی,Complex self-presentation,معرفی پیچیده خود,B1,9,received,Haben Sie noch Fragen an uns?,Do you have any questions for us?,سوالی از ما دارید؟,B1
68,Job Interview,مصاحبه شغلی,Complex self-presentation,معرفی پیچیده خود,B1,10,sent,"Ja, wie sieht ein typischer Arbeitstag in Ihrem Team aus?","Yes, what does a typical workday in your team look like?",بله، یک روز کاری معمولی در تیم شما چه شکلی است؟,B1
69,Renting an Apartment,اجاره آپارتمان,Conditional clauses: Wenn ich...würde,جملات شرطی: اگر من...,B1,1,received,"Guten Tag, ich rufe wegen der Wohnungsanzeige an.","Good day, I am calling about the apartment ad.",روز بخیر، بابت آگهی آپارتمان تماس می‌گیرم.,B1
69,Renting an Apartment,اجاره آپارتمان,Conditional clauses: Wenn ich...würde,جملات شرطی: اگر من...,B1,2,sent,Wie groß ist die Wohnung und wie viel kostet die Miete?,How big is the apartment and how much is the rent?,آپارتمان چقدر بزرگ است و اجاره چقدر است؟,B1
69,Renting an Apartment,اجاره آپارتمان,Conditional clauses: Wenn ich...würde,جملات شرطی: اگر من...,B1,3,received,Die Wohnung hat 65 Quadratmeter und kostet 750 Euro warm.,The apartment has 65 square meters and costs 750 euros warm.,آپارتمان ۶۵ متر مربع است و ۷۵۰ یورو با هزینه‌ها اجاره است.,B1
69,Renting an Apartment,اجاره آپارتمان,Conditional clauses: Wenn ich...würde,جملات شرطی: اگر من...,B1,4,sent,"Wenn ich die Wohnung besichtigen könnte, würde ich mich sehr freuen.","If I could view the apartment, I would be very happy.",اگر بتوانم آپارتمان را ببینم خیلی خوشحال می‌شوم.,B1
69,Renting an Apartment,اجاره آپارتمان,Conditional clauses: Wenn ich...würde,جملات شرطی: اگر من...,B1,5,received,Sie können morgen um 14 Uhr vorbeikommen.,You can come by tomorrow at 2 PM.,فردا ساعت ۲ بعدازظهر می‌توانید بیایید.,B1
69,Renting an Apartment,اجاره آپارتمان,Conditional clauses: Wenn ich...würde,جملات شرطی: اگر من...,B1,6,sent,Perfekt! Brauche ich bestimmte Unterlagen für die Bewerbung?,Perfect! Do I need certain documents for the application?,عالی! مدارک خاصی برای درخواست لازم دارم؟,B1
69,Renting an Apartment,اجاره آپارتمان,Conditional clauses: Wenn ich...würde,جملات شرطی: اگر من...,B1,7,received,"Ja, bringen Sie bitte eine Schufa-Auskunft und Ihre letzten drei Gehaltsabrechnungen mit.","Yes, please bring a Schufa report and your last three pay slips.",بله، لطفا گزارش شوفا و سه فیش حقوقی آخرتان را بیاورید.,B1
69,Renting an Apartment,اجاره آپارتمان,Conditional clauses: Wenn ich...würde,جملات شرطی: اگر من...,B1,8,sent,Gibt es Haustiere in dem Haus? Ich habe eine kleine Katze.,Are there pets in the building? I have a small cat.,حیوان خانگی در ساختمان هست؟ من یک گربه کوچک دارم.,B1
69,Renting an Apartment,اجاره آپارتمان,Conditional clauses: Wenn ich...würde,جملات شرطی: اگر من...,B1,9,received,"Haustiere sind erlaubt, solange sie die Nachbarn nicht stören.",Pets are allowed as long as they don't disturb the neighbors.,حیوانات خانگی مجاز هستند تا زمانی که مزاحم همسایه‌ها نشوند.,B1
69,Renting an Apartment,اجاره آپارتمان,Conditional clauses: Wenn ich...würde,جملات شرطی: اگر من...,B1,10,sent,Wunderbar! Ich freue mich auf den Besichtigungstermin.,Wonderful! I look forward to the viewing appointment.,عالی! منتظر وقت بازدید هستم.,B1
70,Social Issues,مسائل اجتماعی,"Concessive clauses: obwohl, trotzdem",جملات تقابلی: با وجود اینکه، با این حال,B1,1,received,Was denkst du über die Integration von Ausländern?,What do you think about the integration of foreigners?,درباره ادغام خارجی‌ها چه فکر می‌کنی؟,B1
70,Social Issues,مسائل اجتماعی,"Concessive clauses: obwohl, trotzdem",جملات تقابلی: با وجود اینکه، با این حال,B1,2,sent,"Obwohl es Herausforderungen gibt, glaube ich, dass Integration möglich ist.","Although there are challenges, I believe that integration is possible.",با وجود چالش‌ها، معتقدم ادغام ممکن است.,B1
70,Social Issues,مسائل اجتماعی,"Concessive clauses: obwohl, trotzdem",جملات تقابلی: با وجود اینکه، با این حال,B1,3,received,Viele Migranten finden schwer Arbeit.,Many migrants have difficulty finding work.,خیلی از مهاجران سخت کار پیدا می‌کنند.,B1
70,Social Issues,مسائل اجتماعی,"Concessive clauses: obwohl, trotzdem",جملات تقابلی: با وجود اینکه، با این حال,B1,4,sent,Trotzdem geben viele nicht auf und lernen die Sprache.,Nevertheless many don't give up and learn the language.,با این حال خیلی‌ها تسلیم نمی‌شوند و زبان یاد می‌گیرند.,B1
70,Social Issues,مسائل اجتماعی,"Concessive clauses: obwohl, trotzdem",جملات تقابلی: با وجود اینکه، با این حال,B1,5,received,"Obwohl er seit zehn Jahren hier lebt, fühlt er sich manchmal fremd.","Although he has lived here for ten years, he sometimes feels foreign.",با وجود اینکه ده سال است اینجا زندگی می‌کند، گاهی احساس غربت می‌کند.,B1
70,Social Issues,مسائل اجتماعی,"Concessive clauses: obwohl, trotzdem",جملات تقابلی: با وجود اینکه، با این حال,B1,6,sent,Das verstehe ich. Trotzdem ist Deutschland sein Zuhause geworden.,I understand that. Nevertheless Germany has become his home.,درکش می‌کنم. با این حال آلمان خانه‌اش شده.,B1
70,Social Issues,مسائل اجتماعی,"Concessive clauses: obwohl, trotzdem",جملات تقابلی: با وجود اینکه، با این حال,B1,7,received,Die Gesellschaft sollte offener für andere Kulturen sein.,Society should be more open to other cultures.,جامعه باید نسبت به فرهنگ‌های دیگر بازتر باشد.,B1
70,Social Issues,مسائل اجتماعی,"Concessive clauses: obwohl, trotzdem",جملات تقابلی: با وجود اینکه، با این حال,B1,8,sent,"Ich stimme zu. Obwohl es Fortschritte gibt, muss noch viel getan werden.","I agree. Although there is progress, much still needs to be done.",موافقم. با وجود پیشرفت‌ها هنوز کارهای زیادی باید انجام شود.,B1
70,Social Issues,مسائل اجتماعی,"Concessive clauses: obwohl, trotzdem",جملات تقابلی: با وجود اینکه، با این حال,B1,9,received,Chancengleichheit ist ein wichtiges Thema.,Equal opportunity is an important topic.,برابری فرصت‌ها موضوع مهمی است.,B1
70,Social Issues,مسائل اجتماعی,"Concessive clauses: obwohl, trotzdem",جملات تقابلی: با وجود اینکه، با این حال,B1,10,sent,"Ja, trotz aller Schwierigkeiten sollten wir für Gleichberechtigung kämpfen.","Yes, despite all difficulties we should fight for equal rights.",بله، با وجود همه مشکلات باید برای برابری حقوق تلاش کنیم.,B1
71,Arts & Culture,هنر و فرهنگ,Relative clauses with prepositions,جملات موصولی با حرف اضافه,B2,1,received,"Warst du schon im neuen Museum, über das alle reden?",Have you already been to the new museum that everyone is talking about?,در موزه جدیدی که همه درباره‌اش صحبت می‌کنند بوده‌ای؟,B2
71,Arts & Culture,هنر و فرهنگ,Relative clauses with prepositions,جملات موصولی با حرف اضافه,B2,2,sent,"Ja, die Ausstellung, in der moderne Kunst gezeigt wird, ist beeindruckend.","Yes, the exhibition in which modern art is shown is impressive.",بله، نمایشگاهی که هنر مدرن نشان داده می‌شود فوق‌العاده است.,B2
71,Arts & Culture,هنر و فرهنگ,Relative clauses with prepositions,جملات موصولی با حرف اضافه,B2,3,received,"Der Künstler, von dem du erzählt hast, stellt nächste Woche aus.",The artist you told me about is exhibiting next week.,هنرمندی که درباره‌اش گفتی هفته آینده نمایشگاه دارد.,B2
71,Arts & Culture,هنر و فرهنگ,Relative clauses with prepositions,جملات موصولی با حرف اضافه,B2,4,sent,"Das Thema, mit dem er sich beschäftigt, ist die Beziehung zwischen Mensch und Natur.",The topic he deals with is the relationship between humans and nature.,موضوعی که با آن سر و کار دارد رابطه انسان و طبیعت است.,B2
71,Arts & Culture,هنر و فرهنگ,Relative clauses with prepositions,جملات موصولی با حرف اضافه,B2,5,received,"Die Oper, für die ich Karten habe, wird von einem berühmten Dirigenten geleitet.",The opera for which I have tickets is conducted by a famous conductor.,اپرایی که بلیطش را دارم توسط رهبر ارکستر معروفی اجرا می‌شود.,B2
71,Arts & Culture,هنر و فرهنگ,Relative clauses with prepositions,جملات موصولی با حرف اضافه,B2,6,sent,"Das klingt toll! Die Bühne, auf der sie auftreten, ist wunderschön.",That sounds great! The stage on which they perform is beautiful.,عالی به نظر می‌رسد! صحنه‌ای که روی آن اجرا می‌کنند زیباست.,B2
71,Arts & Culture,هنر و فرهنگ,Relative clauses with prepositions,جملات موصولی با حرف اضافه,B2,7,received,"Kennst du den Film, in dem es um das Leben eines Musikers geht?",Do you know the movie about the life of a musician?,فیلمی که درباره زندگی یک موسیقیدان است را می‌شناسی؟,B2
71,Arts & Culture,هنر و فرهنگ,Relative clauses with prepositions,جملات موصولی با حرف اضافه,B2,8,sent,"Ja, der Regisseur, für den ich mich interessiere, hat ihn gedreht.","Yes, the director I am interested in made it.",بله، کارگردانی که بهش علاقه‌مندم آن را ساخته.,B2
71,Arts & Culture,هنر و فرهنگ,Relative clauses with prepositions,جملات موصولی با حرف اضافه,B2,9,received,"Die Galerie, an der wir vorbeigegangen sind, hatte eine tolle Fassade.",The gallery we walked past had a great facade.,گالری‌ای که از جلویش رد شدیم نمای عالی‌ای داشت.,B2
71,Arts & Culture,هنر و فرهنگ,Relative clauses with prepositions,جملات موصولی با حرف اضافه,B2,10,sent,"Ja, das ist ein Gebäude, auf das die Stadt sehr stolz ist.","Yes, that is a building the city is very proud of.",بله، ساختمانی است که شهر خیلی به آن افتخار می‌کند.,B2
72,Science & Discovery,علم و اکتشاف,Passive with modal verbs,مجهول با افعال کمکی,B2,1,received,Wie kann der Klimawandel bekämpft werden?,How can climate change be fought?,چگونه می‌توان با تغییرات اقلیمی مبارزه کرد؟,B2
72,Science & Discovery,علم و اکتشاف,Passive with modal verbs,مجهول با افعال کمکی,B2,2,sent,Erneuerbare Energien müssen stärker gefördert werden.,Renewable energies must be promoted more strongly.,انرژی‌های تجدیدپذیر باید بیشتر ترویج شوند.,B2
72,Science & Discovery,علم و اکتشاف,Passive with modal verbs,مجهول با افعال کمکی,B2,3,received,Können neue Medikamente schneller entwickelt werden?,Can new medications be developed faster?,آیا داروهای جدید سریع‌تر توسعه داده شوند؟,B2
72,Science & Discovery,علم و اکتشاف,Passive with modal verbs,مجهول با افعال کمکی,B2,4,sent,"Ja, durch künstliche Intelligenz kann die Forschung beschleunigt werden.","Yes, through artificial intelligence research can be accelerated.",بله، با هوش مصنوعی تحقیقات سرعت داده می‌شود.,B2
72,Science & Discovery,علم و اکتشاف,Passive with modal verbs,مجهول با افعال کمکی,B2,5,received,In der Raumfahrt sollen neue Planeten erforscht werden.,In space travel new planets are to be explored.,در فضانوردی قرار است سیارات جدید کاوش شوند.,B2
72,Science & Discovery,علم و اکتشاف,Passive with modal verbs,مجهول با افعال کمکی,B2,6,sent,"Die Daten, die gesammelt werden, müssen sorgfältig analysiert werden.",The data that is collected must be carefully analyzed.,داده‌هایی که جمع‌آوری می‌شوند باید با دقت تحلیل شوند.,B2
72,Science & Discovery,علم و اکتشاف,Passive with modal verbs,مجهول با افعال کمکی,B2,7,received,Kann Krebs in Zukunft geheilt werden?,Can cancer be cured in the future?,آیا در آینده سرطان درمان شود؟,B2
72,Science & Discovery,علم و اکتشاف,Passive with modal verbs,مجهول با افعال کمکی,B2,8,sent,"Viele Forscher glauben, dass bestimmte Krebsarten bald besser behandelt werden können.",Many researchers believe that certain types of cancer can soon be better treated.,بسیاری از محققان معتقدند انواع خاصی از سرطان به زودی بهتر درمان شوند.,B2
72,Science & Discovery,علم و اکتشاف,Passive with modal verbs,مجهول با افعال کمکی,B2,9,received,Wissenschaftliche Erkenntnisse sollten für alle zugänglich gemacht werden.,Scientific findings should be made accessible to everyone.,یافته‌های علمی باید برای همه در دسترس قرار گیرند.,B2
72,Science & Discovery,علم و اکتشاف,Passive with modal verbs,مجهول با افعال کمکی,B2,10,sent,Ich stimme zu. Wissen darf nicht nur von wenigen kontrolliert werden.,I agree. Knowledge must not be controlled by only a few.,موافقم. دانش نباید فقط توسط عده کمی کنترل شود.,B2
73,Politics & Society,سیاست و جامعه,"Konjunktiv I: er sei, er habe",وجه التزامی یک: او باشد، او داشته باشد,B2,1,received,Was hat der Politiker in seiner Rede gesagt?,What did the politician say in his speech?,سیاستمدار در سخنرانی‌اش چه گفت؟,B2
73,Politics & Society,سیاست و جامعه,"Konjunktiv I: er sei, er habe",وجه التزامی یک: او باشد، او داشته باشد,B2,2,sent,"Er sagte, die Wirtschaft sei stabil und die Arbeitslosigkeit habe abgenommen.",He said the economy was stable and unemployment had decreased.,گفت اقتصاد باثبات است و بیکاری کاهش یافته.,B2
73,Politics & Society,سیاست و جامعه,"Konjunktiv I: er sei, er habe",وجه التزامی یک: او باشد، او داشته باشد,B2,3,received,"Die Ministerin erklärte, sie wolle mehr in Bildung investieren.",The minister explained she wanted to invest more in education.,وزیر توضیح داد که می‌خواهد بیشتر در آموزش سرمایه‌گذاری کند.,B2
73,Politics & Society,سیاست و جامعه,"Konjunktiv I: er sei, er habe",وجه التزامی یک: او باشد، او داشته باشد,B2,4,sent,"Der Sprecher behauptete, die Regierung habe die Situation unter Kontrolle.",The spokesperson claimed the government had the situation under control.,سخنگو ادعا کرد که دولت اوضاع را تحت کنترل دارد.,B2
73,Politics & Society,سیاست و جامعه,"Konjunktiv I: er sei, er habe",وجه التزامی یک: او باشد، او داشته باشد,B2,5,received,Laut Umfragen seien viele Bürger unzufrieden.,According to surveys many citizens are dissatisfied.,طبق نظرسنجی‌ها بسیاری از شهروندان ناراضی هستند.,B2
73,Politics & Society,سیاست و جامعه,"Konjunktiv I: er sei, er habe",وجه التزامی یک: او باشد، او داشته باشد,B2,6,sent,"Der Experte meinte, man müsse die sozialen Probleme ernst nehmen.",The expert said one must take social problems seriously.,کارشناس گفت باید مشکلات اجتماعی را جدی گرفت.,B2
73,Politics & Society,سیاست و جامعه,"Konjunktiv I: er sei, er habe",وجه التزامی یک: او باشد، او داشته باشد,B2,7,received,"Die Opposition behauptet, die Regierung habe versagt.",The opposition claims the government has failed.,اپوزیسیون ادعا می‌کند که دولت شکست خورده.,B2
73,Politics & Society,سیاست و جامعه,"Konjunktiv I: er sei, er habe",وجه التزامی یک: او باشد، او داشته باشد,B2,8,sent,"Man muss beide Seiten hören, bevor man sich eine Meinung bildet.",One must hear both sides before forming an opinion.,باید هر دو طرف را شنید قبل از اینکه نظر بدهیم.,B2
73,Politics & Society,سیاست و جامعه,"Konjunktiv I: er sei, er habe",وجه التزامی یک: او باشد، او داشته باشد,B2,9,received,"Demokratie bedeute, so der Redner, dass alle mitbestimmen könnten.","Democracy means, according to the speaker, that everyone can have a say.",دموکراسی یعنی، به گفته سخنران، همه بتوانند مشارکت کنند.,B2
73,Politics & Society,سیاست و جامعه,"Konjunktiv I: er sei, er habe",وجه التزامی یک: او باشد، او داشته باشد,B2,10,sent,"Ich finde es wichtig, dass Bürger sich politisch engagieren.",I think it is important that citizens get politically involved.,به نظرم مهم است که شهروندان از نظر سیاسی فعال باشند.,B2
74,History,تاریخ,Präteritum of strong verbs,گذشته ساده افعال قوی,B1,1,received,Was geschah im November 1989?,What happened in November 1989?,در نوامبر ۱۹۸۹ چه اتفاقی افتاد؟,B1
74,History,تاریخ,Präteritum of strong verbs,گذشته ساده افعال قوی,B1,2,sent,Die Berliner Mauer fiel und die Menschen strömten durch die Grenze.,The Berlin Wall fell and people streamed through the border.,دیوار برلین فرو ریخت و مردم از مرز عبور کردند.,B1
74,History,تاریخ,Präteritum of strong verbs,گذشته ساده افعال قوی,B1,3,received,Wie kam es zur Wiedervereinigung?,How did reunification come about?,اتحاد مجدد چگونه صورت گرفت؟,B2
74,History,تاریخ,Präteritum of strong verbs,گذشته ساده افعال قوی,B1,4,sent,Nach dem Fall der Mauer sprachen die Politiker über die Zukunft.,"After the fall of the wall, politicians talked about the future.",بعد از سقوط دیوار، سیاستمداران درباره آینده صحبت کردند.,B1
74,History,تاریخ,Präteritum of strong verbs,گذشته ساده افعال قوی,B1,5,received,Goethe schrieb viele berühmte Werke.,Goethe wrote many famous works.,گوته آثار معروف زیادی نوشت.,B1
74,History,تاریخ,Präteritum of strong verbs,گذشته ساده افعال قوی,B1,6,sent,Er lebte in Weimar und trug zur deutschen Literatur bei.,He lived in Weimar and contributed to German literature.,او در وایمار زندگی کرد و به ادبیات آلمانی کمک کرد.,B1
74,History,تاریخ,Präteritum of strong verbs,گذشته ساده افعال قوی,B1,7,received,Die Römer kamen vor zweitausend Jahren nach Germanien.,The Romans came to Germania two thousand years ago.,رومی‌ها دو هزار سال پیش به ژرمنیا آمدند.,B1
74,History,تاریخ,Präteritum of strong verbs,گذشته ساده افعال قوی,B1,8,sent,"Sie bauten Straßen und Städte, die man heute noch sehen kann.",They built roads and cities that can still be seen today.,جاده‌ها و شهرهایی ساختند که امروز هم دیده می‌شوند.,B1
74,History,تاریخ,Präteritum of strong verbs,گذشته ساده افعال قوی,B1,9,received,Wann begann die Industrielle Revolution in Deutschland?,When did the Industrial Revolution begin in Germany?,انقلاب صنعتی در آلمان کی شروع شد؟,B1
74,History,تاریخ,Präteritum of strong verbs,گذشته ساده افعال قوی,B1,10,sent,Sie begann Mitte des 19. Jahrhunderts und veränderte die Gesellschaft grundlegend.,It began in the mid-19th century and fundamentally changed society.,اواسط قرن نوزدهم شروع شد و جامعه را از بنیان تغییر داد.,B2
75,Expressing Hypotheticals,بیان فرضیات,Als ob + Konjunktiv II,گویی + وجه التزامی,B2,1,received,"Er tut so, als ob er alles wüsste.",He acts as if he knew everything.,طوری رفتار می‌کند که گویی همه چیز را می‌داند.,B2
75,Expressing Hypotheticals,بیان فرضیات,Als ob + Konjunktiv II,گویی + وجه التزامی,B2,2,sent,"Ja, er spricht, als ob er ein Experte wäre.","Yes, he speaks as if he were an expert.",بله، طوری صحبت می‌کند که انگار متخصص است.,B2
75,Expressing Hypotheticals,بیان فرضیات,Als ob + Konjunktiv II,گویی + وجه التزامی,B2,3,received,"Sie sieht aus, als ob sie nicht geschlafen hätte.",She looks as if she hadn't slept.,شکلش طوری است که انگار نخوابیده.,B2
75,Expressing Hypotheticals,بیان فرضیات,Als ob + Konjunktiv II,گویی + وجه التزامی,B2,4,sent,"Wenn ich an seiner Stelle wäre, hätte ich anders gehandelt.","If I were in his place, I would have acted differently.",اگر جای او بودم متفاوت عمل می‌کردم.,B2
75,Expressing Hypotheticals,بیان فرضیات,Als ob + Konjunktiv II,گویی + وجه التزامی,B2,5,received,"Stell dir vor, du wärst auf einer einsamen Insel.",Imagine you were on a deserted island.,تصور کن روی جزیره‌ای خالی بودی.,B2
75,Expressing Hypotheticals,بیان فرضیات,Als ob + Konjunktiv II,گویی + وجه التزامی,B2,6,sent,"Wenn ich auf einer einsamen Insel wäre, würde ich ein Boot bauen.","If I were on a deserted island, I would build a boat.",اگر روی جزیره خالی بودم یک قایق می‌ساختم.,B2
75,Expressing Hypotheticals,بیان فرضیات,Als ob + Konjunktiv II,گویی + وجه التزامی,B2,7,received,"Er verhält sich so, als hätte er nichts davon gewusst.",He behaves as if he had known nothing about it.,رفتارش طوری است که انگار هیچ چیز نمی‌دانسته.,B2
75,Expressing Hypotheticals,بیان فرضیات,Als ob + Konjunktiv II,گویی + وجه التزامی,B2,8,sent,"Hätte ich das vorher gewusst, wäre ich nicht hingegangen.","Had I known that before, I would not have gone.",اگر از قبل می‌دانستم نمی‌رفتم.,B2
75,Expressing Hypotheticals,بیان فرضیات,Als ob + Konjunktiv II,گویی + وجه التزامی,B2,9,received,"Es scheint, als würde es bald schneien.",It seems as if it will snow soon.,به نظر می‌رسد که انگار زود برف می‌بارد.,B2
75,Expressing Hypotheticals,بیان فرضیات,Als ob + Konjunktiv II,گویی + وجه التزامی,B2,10,sent,"Ja, der Himmel sieht aus, als ob ein Sturm kommen würde.","Yes, the sky looks as if a storm were coming.",بله، آسمان طوری به نظر می‌رسد که انگار طوفان در راه است.,B2
76,Advanced Connectors,حروف ربط پیشرفته,"je...desto, sowohl...als auch, weder...noch",هرچه...آن‌قدر، هم...هم، نه...نه,B2,1,received,"Je mehr ich Deutsch lerne, desto besser verstehe ich die Kultur.","The more I learn German, the better I understand the culture.",هرچه بیشتر آلمانی یاد می‌گیرم، فرهنگ را بهتر درک می‌کنم.,B2
76,Advanced Connectors,حروف ربط پیشرفته,"je...desto, sowohl...als auch, weder...noch",هرچه...آن‌قدر، هم...هم، نه...نه,B2,2,sent,"Das stimmt. Je öfter man übt, desto schneller macht man Fortschritte.","That's right. The more often you practice, the faster you make progress.",درسته. هرچه بیشتر تمرین کنی سریع‌تر پیشرفت می‌کنی.,B2
76,Advanced Connectors,حروف ربط پیشرفته,"je...desto, sowohl...als auch, weder...noch",هرچه...آن‌قدر، هم...هم، نه...نه,B2,3,received,Sowohl die Grammatik als auch die Aussprache sind wichtig.,Both grammar and pronunciation are important.,هم دستور زبان و هم تلفظ مهم هستند.,B2
76,Advanced Connectors,حروف ربط پیشرفته,"je...desto, sowohl...als auch, weder...noch",هرچه...آن‌قدر، هم...هم، نه...نه,B2,4,sent,"Ja, und man muss sowohl lesen als auch sprechen üben.","Yes, and one must practice both reading and speaking.",بله، و باید هم خواندن و هم صحبت کردن را تمرین کرد.,B2
76,Advanced Connectors,حروف ربط پیشرفته,"je...desto, sowohl...als auch, weder...noch",هرچه...آن‌قدر، هم...هم، نه...نه,B2,5,received,Er ist weder fleißig noch pünktlich.,He is neither diligent nor punctual.,او نه کوشا است و نه وقت‌شناس.,B2
76,Advanced Connectors,حروف ربط پیشرفته,"je...desto, sowohl...als auch, weder...noch",هرچه...آن‌قدر، هم...هم، نه...نه,B2,6,sent,"Das ist schade. Entweder er ändert sich, oder er verliert seinen Job.","That is a shame. Either he changes, or he loses his job.",حیف. یا تغییر می‌کند یا کارش را از دست می‌دهد.,B2
76,Advanced Connectors,حروف ربط پیشرفته,"je...desto, sowohl...als auch, weder...noch",هرچه...آن‌قدر، هم...هم، نه...نه,B2,7,received,"Je komplizierter das Thema ist, desto mehr Zeit braucht man.","The more complicated the topic, the more time you need.",هرچه موضوع پیچیده‌تر باشد وقت بیشتری لازم است.,B2
76,Advanced Connectors,حروف ربط پیشرفته,"je...desto, sowohl...als auch, weder...noch",هرچه...آن‌قدر، هم...هم، نه...نه,B2,8,sent,"Einerseits möchte ich schnell lernen, andererseits will ich es gründlich machen.","On one hand I want to learn quickly, on the other I want to do it thoroughly.",از یک طرف می‌خواهم سریع یاد بگیرم، از طرف دیگر می‌خواهم کامل باشد.,B2
76,Advanced Connectors,حروف ربط پیشرفته,"je...desto, sowohl...als auch, weder...noch",هرچه...آن‌قدر، هم...هم، نه...نه,B2,9,received,"Nicht nur die Sprache, sondern auch die Kultur muss man verstehen.","Not only the language, but also the culture must be understood.",نه تنها زبان بلکه فرهنگ هم باید درک شود.,B2
76,Advanced Connectors,حروف ربط پیشرفته,"je...desto, sowohl...als auch, weder...noch",هرچه...آن‌قدر، هم...هم، نه...نه,B2,10,sent,"Je mehr man sich anstrengt, desto erfolgreicher wird man.","The more effort one makes, the more successful one becomes.",هرچه بیشتر تلاش کنی موفق‌تر می‌شوی.,B2
77,Participial Constructions,ساختارهای وجه وصفی,Present/past participle as adjective,وجه وصفی حال/گذشته به عنوان صفت,B2,1,received,Siehst du die lächelnde Frau dort? Sie ist meine Professorin.,Do you see the smiling woman there? She is my professor.,زن خندانی که آنجاست را می‌بینی؟ استادم است.,B2
77,Participial Constructions,ساختارهای وجه وصفی,Present/past participle as adjective,وجه وصفی حال/گذشته به عنوان صفت,B2,2,sent,Das von den Studenten geschriebene Buch wurde veröffentlicht.,The book written by the students was published.,کتابی که توسط دانشجویان نوشته شده منتشر شد.,B2
77,Participial Constructions,ساختارهای وجه وصفی,Present/past participle as adjective,وجه وصفی حال/گذشته به عنوان صفت,B2,3,received,Die am Fluss liegenden Häuser sind sehr teuer.,The houses lying by the river are very expensive.,خانه‌هایی که کنار رودخانه قرار دارند خیلی گران هستند.,B2
77,Participial Constructions,ساختارهای وجه وصفی,Present/past participle as adjective,وجه وصفی حال/گذشته به عنوان صفت,B2,4,sent,"Ja, und die neu renovierten Wohnungen werden schnell vermietet.","Yes, and the newly renovated apartments are rented quickly.",بله، و آپارتمان‌های تازه بازسازی‌شده سریع اجاره داده می‌شوند.,B2
77,Participial Constructions,ساختارهای وجه وصفی,Present/past participle as adjective,وجه وصفی حال/گذشته به عنوان صفت,B2,5,received,Der ankommende Zug fährt nach Berlin.,The arriving train is going to Berlin.,قطار در حال ورود به برلین می‌رود.,B2
77,Participial Constructions,ساختارهای وجه وصفی,Present/past participle as adjective,وجه وصفی حال/گذشته به عنوان صفت,B2,6,sent,Die wartenden Passagiere stehen schon seit einer Stunde hier.,The waiting passengers have been standing here for an hour.,مسافران منتظر یک ساعت است که اینجا ایستاده‌اند.,B2
77,Participial Constructions,ساختارهای وجه وصفی,Present/past participle as adjective,وجه وصفی حال/گذشته به عنوان صفت,B2,7,received,Das überraschende Ergebnis hat alle schockiert.,The surprising result shocked everyone.,نتیجه شگفت‌آور همه را شوکه کرد.,B2
77,Participial Constructions,ساختارهای وجه وصفی,Present/past participle as adjective,وجه وصفی حال/گذشته به عنوان صفت,B2,8,sent,"Es war ein gut durchdachter Plan, der leider gescheitert ist.",It was a well-thought-out plan that unfortunately failed.,طرح خوب‌اندیشیده‌ای بود که متاسفانه شکست خورد.,B2
77,Participial Constructions,ساختارهای وجه وصفی,Present/past participle as adjective,وجه وصفی حال/گذشته به عنوان صفت,B2,9,received,Die seit Jahren steigende Mieten belasten viele Familien.,The rents rising for years burden many families.,اجاره‌هایی که سال‌هاست افزایش می‌یابد فشار زیادی به خانواده‌ها وارد می‌کند.,B2
77,Participial Constructions,ساختارهای وجه وصفی,Present/past participle as adjective,وجه وصفی حال/گذشته به عنوان صفت,B2,10,sent,Das von der Regierung vorgeschlagene Gesetz wird nächste Woche debattiert.,The law proposed by the government will be debated next week.,قانون پیشنهادی دولت هفته آینده مورد بحث قرار می‌گیرد.,B2
78,Nominalization,اسم‌سازی,"Verbs/adjectives as nouns: das Lesen, das Schöne",اسم‌سازی از فعل/صفت: خواندن، زیبایی,B2,1,received,Das Lernen einer neuen Sprache erfordert Geduld.,Learning a new language requires patience.,یادگیری یک زبان جدید صبر می‌خواهد.,B2
78,Nominalization,اسم‌سازی,"Verbs/adjectives as nouns: das Lesen, das Schöne",اسم‌سازی از فعل/صفت: خواندن، زیبایی,B2,2,sent,"Ja, das Wichtigste beim Sprachenlernen ist die regelmäßige Übung.","Yes, the most important thing in language learning is regular practice.",بله، مهم‌ترین چیز در یادگیری زبان تمرین منظم است.,B2
78,Nominalization,اسم‌سازی,"Verbs/adjectives as nouns: das Lesen, das Schöne",اسم‌سازی از فعل/صفت: خواندن، زیبایی,B2,3,received,Das Schöne an Deutschland ist die Vielfalt der Landschaften.,The beautiful thing about Germany is the diversity of landscapes.,زیبایی آلمان تنوع مناظر آن است.,B2
78,Nominalization,اسم‌سازی,"Verbs/adjectives as nouns: das Lesen, das Schöne",اسم‌سازی از فعل/صفت: خواندن، زیبایی,B2,4,sent,Das Reisen durch verschiedene Bundesländer zeigt diese Vielfalt.,Traveling through different federal states shows this diversity.,سفر از ایالت‌های مختلف این تنوع را نشان می‌دهد.,B2
78,Nominalization,اسم‌سازی,"Verbs/adjectives as nouns: das Lesen, das Schöne",اسم‌سازی از فعل/صفت: خواندن، زیبایی,B2,5,received,Beim Kochen entspanne ich mich am besten.,I relax best while cooking.,بهترین آرامش من هنگام آشپزی است.,B2
78,Nominalization,اسم‌سازی,"Verbs/adjectives as nouns: das Lesen, das Schöne",اسم‌سازی از فعل/صفت: خواندن، زیبایی,B2,6,sent,Das Zubereiten von persischem Essen ist eine Kunst für sich.,The preparation of Persian food is an art in itself.,تهیه غذای ایرانی هنر خاص خودش را دارد.,B2
78,Nominalization,اسم‌سازی,"Verbs/adjectives as nouns: das Lesen, das Schöne",اسم‌سازی از فعل/صفت: خواندن، زیبایی,B2,7,received,"Das Gute an dieser Situation ist, dass wir daraus lernen können.",The good thing about this situation is that we can learn from it.,خوبی این وضعیت این است که می‌توانیم از آن درس بگیریم.,B2
78,Nominalization,اسم‌سازی,"Verbs/adjectives as nouns: das Lesen, das Schöne",اسم‌سازی از فعل/صفت: خواندن، زیبایی,B2,8,sent,"Ja, das Scheitern gehört zum Erfolg dazu.","Yes, failure is part of success.",بله، شکست بخشی از موفقیت است.,B2
78,Nominalization,اسم‌سازی,"Verbs/adjectives as nouns: das Lesen, das Schöne",اسم‌سازی از فعل/صفت: خواندن، زیبایی,B2,9,received,Das ständige Pendeln zur Arbeit ist anstrengend.,The constant commuting to work is exhausting.,رفت و آمد مداوم به محل کار خسته‌کننده است.,B2
78,Nominalization,اسم‌سازی,"Verbs/adjectives as nouns: das Lesen, das Schöne",اسم‌سازی از فعل/صفت: خواندن، زیبایی,B2,10,sent,Das Arbeiten von zu Hause hat sowohl Vor- als auch Nachteile.,Working from home has both advantages and disadvantages.,کار از خانه هم مزایا و هم معایبی دارد.,B2
79,Advanced Passive: Zustandspassiv,مجهول پیشرفته,State passive: Die Tür ist geöffnet,مجهول حالتی: در باز است,B2,1,received,Ist das Fenster geöffnet oder geschlossen?,Is the window opened or closed?,پنجره باز است یا بسته؟,B2
79,Advanced Passive: Zustandspassiv,مجهول پیشرفته,State passive: Die Tür ist geöffnet,مجهول حالتی: در باز است,B2,2,sent,Das Fenster ist geöffnet. Es wurde heute Morgen geöffnet.,The window is opened. It was opened this morning.,پنجره باز است. امروز صبح باز شد.,B2
79,Advanced Passive: Zustandspassiv,مجهول پیشرفته,State passive: Die Tür ist geöffnet,مجهول حالتی: در باز است,B2,3,received,Ist der Brief schon geschrieben?,Is the letter already written?,نامه نوشته شده؟,B2
79,Advanced Passive: Zustandspassiv,مجهول پیشرفته,State passive: Die Tür ist geöffnet,مجهول حالتی: در باز است,B2,4,sent,"Ja, der Brief ist geschrieben und wird morgen abgeschickt.","Yes, the letter is written and will be sent tomorrow.",بله، نامه نوشته شده و فردا ارسال می‌شود.,B2
79,Advanced Passive: Zustandspassiv,مجهول پیشرفته,State passive: Die Tür ist geöffnet,مجهول حالتی: در باز است,B2,5,received,Das Problem ist seit gestern gelöst.,The problem has been solved since yesterday.,مشکل از دیروز حل شده.,B2
79,Advanced Passive: Zustandspassiv,مجهول پیشرفته,State passive: Die Tür ist geöffnet,مجهول حالتی: در باز است,B2,6,sent,Gut. Die Reparatur ist abgeschlossen und das System ist wieder verbunden.,Good. The repair is complete and the system is connected again.,خوب. تعمیر تمام شده و سیستم دوباره وصل شده.,B2
79,Advanced Passive: Zustandspassiv,مجهول پیشرفته,State passive: Die Tür ist geöffnet,مجهول حالتی: در باز است,B2,7,received,Ist der Tisch schon gedeckt?,Is the table already set?,میز چیده شده؟,B2
79,Advanced Passive: Zustandspassiv,مجهول پیشرفته,State passive: Die Tür ist geöffnet,مجهول حالتی: در باز است,B2,8,sent,"Ja, der Tisch ist gedeckt und das Essen ist vorbereitet.","Yes, the table is set and the food is prepared.",بله، میز چیده شده و غذا آماده شده.,B2
79,Advanced Passive: Zustandspassiv,مجهول پیشرفته,State passive: Die Tür ist geöffnet,مجهول حالتی: در باز است,B2,9,received,Die Straße ist wegen Bauarbeiten gesperrt.,The street is closed due to construction work.,خیابان به خاطر عملیات ساختمانی بسته شده.,B2
79,Advanced Passive: Zustandspassiv,مجهول پیشرفته,State passive: Die Tür ist geöffnet,مجهول حالتی: در باز است,B2,10,sent,"Ja, sie ist seit einer Woche gesperrt und wird nächsten Montag wieder geöffnet.","Yes, it has been closed for a week and will be opened again next Monday.",بله، یک هفته است بسته شده و دوشنبه آینده دوباره باز می‌شود.,B2
80,Complex Relative Clauses,جملات موصولی پیچیده,"was, wo, worüber as relative pronouns",آنچه، جایی که، درباره آنچه,B2,1,received,"Alles, was er gesagt hat, war überzeugend.",Everything that he said was convincing.,همه چیزی که گفت قانع‌کننده بود.,B2
80,Complex Relative Clauses,جملات موصولی پیچیده,"was, wo, worüber as relative pronouns",آنچه، جایی که، درباره آنچه,B2,2,sent,"Ja, aber das Beste, was er erwähnt hat, war der neue Plan.","Yes, but the best thing he mentioned was the new plan.",بله، ولی بهترین چیزی که گفت طرح جدید بود.,B2
80,Complex Relative Clauses,جملات موصولی پیچیده,"was, wo, worüber as relative pronouns",آنچه، جایی که، درباره آنچه,B2,3,received,"Das ist etwas, worüber wir noch diskutieren müssen.",That is something we still need to discuss.,این موضوعی است که هنوز باید درباره‌اش بحث کنیم.,B2
80,Complex Relative Clauses,جملات موصولی پیچیده,"was, wo, worüber as relative pronouns",آنچه، جایی که، درباره آنچه,B2,4,sent,"Du hast Recht. Es gibt vieles, woran wir arbeiten müssen.",You are right. There is a lot we need to work on.,حق با توست. چیزهای زیادی هست که باید رویشان کار کنیم.,B2
80,Complex Relative Clauses,جملات موصولی پیچیده,"was, wo, worüber as relative pronouns",آنچه، جایی که، درباره آنچه,B2,5,received,"Berlin ist die Stadt, wo ich am liebsten lebe.",Berlin is the city where I most like to live.,برلین شهری است که بیشتر از همه دوست دارم در آن زندگی کنم.,B2
80,Complex Relative Clauses,جملات موصولی پیچیده,"was, wo, worüber as relative pronouns",آنچه، جایی که، درباره آنچه,B2,6,sent,"Ich verstehe, warum. Es gibt nichts, worüber man sich dort langweilt.",I understand why. There is nothing to be bored about there.,درک می‌کنم چرا. چیزی نیست که آنجا آدم حوصله‌اش سر برود.,B2
80,Complex Relative Clauses,جملات موصولی پیچیده,"was, wo, worüber as relative pronouns",آنچه، جایی که، درباره آنچه,B2,7,received,"Das Einzige, was mir fehlt, ist meine Familie.",The only thing I miss is my family.,تنها چیزی که دلتنگش هستم خانواده‌ام است.,B2
80,Complex Relative Clauses,جملات موصولی پیچیده,"was, wo, worüber as relative pronouns",آنچه، جایی که، درباره آنچه,B2,8,sent,"Das kann ich gut verstehen. Es gibt Momente, wo man sich einsam fühlt.",I can understand that well. There are moments where you feel lonely.,خوب درکت می‌کنم. لحظاتی هست که آدم احساس تنهایی می‌کند.,B2
80,Complex Relative Clauses,جملات موصولی پیچیده,"was, wo, worüber as relative pronouns",آنچه، جایی که، درباره آنچه,B2,9,received,"Das, wovon du gesprochen hast, klingt nach einem guten Plan.",What you talked about sounds like a good plan.,چیزی که درباره‌اش حرف زدی مثل یک طرح خوب به نظر می‌رسد.,B2
80,Complex Relative Clauses,جملات موصولی پیچیده,"was, wo, worüber as relative pronouns",آنچه، جایی که، درباره آنچه,B2,10,sent,"Danke! Es ist etwas, wofür ich lange gearbeitet habe.",Thanks! It is something I have worked on for a long time.,ممنون! چیزی است که مدت زیادی رویش کار کرده‌ام.,B2
81,Idiomatic Expressions,اصطلاحات رایج,Fixed phrases and idioms,عبارات ثابت و اصطلاحات,B2,1,received,Das liegt doch auf der Hand! Die Lösung ist ganz einfach.,That is obvious! The solution is very simple.,این که واضح است! راه‌حل خیلی ساده است.,B2
81,Idiomatic Expressions,اصطلاحات رایج,Fixed phrases and idioms,عبارات ثابت و اصطلاحات,B2,2,sent,Du hast Recht. Ich habe den Wald vor lauter Bäumen nicht gesehen.,You are right. I couldn't see the forest for the trees.,حق با توست. من از بس درگیر جزئیات بودم کلیات را ندیدم.,B2
81,Idiomatic Expressions,اصطلاحات رایج,Fixed phrases and idioms,عبارات ثابت و اصطلاحات,B2,3,received,Mein Plan ist leider ins Wasser gefallen.,My plan unfortunately fell through.,متاسفانه برنامه‌ام به هم خورد.,B2
81,Idiomatic Expressions,اصطلاحات رایج,Fixed phrases and idioms,عبارات ثابت و اصطلاحات,B2,4,sent,Das tut mir leid. Aber jede Medaille hat zwei Seiten.,I am sorry. But every coin has two sides.,متاسفم. ولی هر سکه‌ای دو رو دارد.,B2
81,Idiomatic Expressions,اصطلاحات رایج,Fixed phrases and idioms,عبارات ثابت و اصطلاحات,B2,5,received,Er hat kalte Füße bekommen und das Projekt abgesagt.,He got cold feet and cancelled the project.,جا زد و پروژه را لغو کرد.,B2
81,Idiomatic Expressions,اصطلاحات رایج,Fixed phrases and idioms,عبارات ثابت و اصطلاحات,B2,6,sent,Das ist schade. Man sollte nicht immer alles auf die lange Bank schieben.,That is a shame. One shouldn't always put everything off.,حیف. آدم نباید همیشه کارها را به تعویق بیاندازد.,B2
81,Idiomatic Expressions,اصطلاحات رایج,Fixed phrases and idioms,عبارات ثابت و اصطلاحات,B2,7,received,Sie redet nicht um den heißen Brei herum.,She doesn't beat around the bush.,او حاشیه نمی‌رود.,B2
81,Idiomatic Expressions,اصطلاحات رایج,Fixed phrases and idioms,عبارات ثابت و اصطلاحات,B2,8,sent,"Ja, sie nimmt kein Blatt vor den Mund. Das finde ich gut.","Yes, she doesn't mince her words. I think that is good.",بله، رک حرف می‌زند. این را خوب می‌دانم.,B2
81,Idiomatic Expressions,اصطلاحات رایج,Fixed phrases and idioms,عبارات ثابت و اصطلاحات,B2,9,received,"Übung macht den Meister, wie man so schön sagt.","Practice makes perfect, as they say.",تمرین استاد می‌سازد، همان‌طور که می‌گویند.,B2
81,Idiomatic Expressions,اصطلاحات رایج,Fixed phrases and idioms,عبارات ثابت و اصطلاحات,B2,10,sent,"Genau! Und wer nicht wagt, der nicht gewinnt.","Exactly! And nothing ventured, nothing gained.",دقیقا! و هر کس خطر نکند برنده نمی‌شود.,B2
82,Business German,آلمانی تجاری,Formal business register,سطح رسمی تجاری,B2,1,received,"Sehr geehrte Damen und Herren, ich möchte Ihnen unser neues Produkt vorstellen.","Dear ladies and gentlemen, I would like to present our new product.",خانم‌ها و آقایان محترم، مایلم محصول جدیدمان را معرفی کنم.,B2
82,Business German,آلمانی تجاری,Formal business register,سطح رسمی تجاری,B2,2,sent,Könnten Sie uns bitte die Einzelheiten des Angebots erläutern?,Could you please explain the details of the offer?,لطفا جزئیات پیشنهاد را توضیح می‌دهید؟,B2
82,Business German,آلمانی تجاری,Formal business register,سطح رسمی تجاری,B2,3,received,Selbstverständlich. Die Konditionen sind äußerst günstig.,Of course. The conditions are extremely favorable.,البته. شرایط بسیار مناسب است.,B2
82,Business German,آلمانی تجاری,Formal business register,سطح رسمی تجاری,B2,4,sent,Wir würden gerne eine langfristige Zusammenarbeit aufbauen.,We would like to build a long-term cooperation.,مایلیم همکاری بلندمدتی برقرار کنیم.,B2
82,Business German,آلمانی تجاری,Formal business register,سطح رسمی تجاری,B2,5,received,"Das freut uns. Wir schlagen vor, die Vertragsbedingungen zu besprechen.",We are pleased. We suggest discussing the contract terms.,خوشحالیم. پیشنهاد می‌کنیم شرایط قرارداد را بررسی کنیم.,B2
82,Business German,آلمانی تجاری,Formal business register,سطح رسمی تجاری,B2,6,sent,Einverstanden. Ich werde die Unterlagen bis morgen vorbereiten lassen.,Agreed. I will have the documents prepared by tomorrow.,موافقم. دستور می‌دهم مدارک تا فردا آماده شوند.,B2
82,Business German,آلمانی تجاری,Formal business register,سطح رسمی تجاری,B2,7,received,Bezüglich der Lieferfristen hätten wir noch eine Frage.,Regarding delivery deadlines we have one more question.,درباره مهلت تحویل یک سوال دیگر داریم.,B2
82,Business German,آلمانی تجاری,Formal business register,سطح رسمی تجاری,B2,8,sent,Wir können eine Lieferung innerhalb von zwei Wochen garantieren.,We can guarantee delivery within two weeks.,می‌توانیم تحویل ظرف دو هفته را تضمین کنیم.,B2
82,Business German,آلمانی تجاری,Formal business register,سطح رسمی تجاری,B2,9,received,Ausgezeichnet. Wir werden das Angebot intern besprechen.,Excellent. We will discuss the offer internally.,عالی. پیشنهاد را داخلی بررسی خواهیم کرد.,B2
82,Business German,آلمانی تجاری,Formal business register,سطح رسمی تجاری,B2,10,sent,Ich stehe Ihnen für weitere Rückfragen jederzeit zur Verfügung.,I am available for further questions at any time.,برای سوالات بیشتر همیشه در خدمتتان هستم.,B2
83,Academic Writing,نگارش آکادمیک,Extended attributes,صفات بسط‌یافته,B2,1,received,Wie formuliert man eine akademische These?,How does one formulate an academic thesis?,یک فرضیه آکادمیک چطور نوشته می‌شود؟,B2
83,Academic Writing,نگارش آکادمیک,Extended attributes,صفات بسط‌یافته,B2,2,sent,Die in dieser Arbeit untersuchte Frage betrifft den Einfluss der Digitalisierung.,The question examined in this work concerns the influence of digitization.,سوال بررسی‌شده در این تحقیق به تاثیر دیجیتال‌سازی مربوط می‌شود.,B2
83,Academic Writing,نگارش آکادمیک,Extended attributes,صفات بسط‌یافته,B2,3,received,Welche Methode haben Sie verwendet?,What method did you use?,از چه روشی استفاده کرده‌اید؟,B2
83,Academic Writing,نگارش آکادمیک,Extended attributes,صفات بسط‌یافته,B2,4,sent,Die von uns durchgeführte Studie basiert auf qualitativen Interviews.,The study carried out by us is based on qualitative interviews.,مطالعه انجام‌شده توسط ما بر مصاحبه‌های کیفی استوار است.,B2
83,Academic Writing,نگارش آکادمیک,Extended attributes,صفات بسط‌یافته,B2,5,received,Zu welchem Ergebnis sind Sie gekommen?,What conclusion did you reach?,به چه نتیجه‌ای رسیدید؟,B2
83,Academic Writing,نگارش آکادمیک,Extended attributes,صفات بسط‌یافته,B2,6,sent,Die aus den Daten gewonnenen Erkenntnisse zeigen einen deutlichen Zusammenhang.,The insights gained from the data show a clear correlation.,یافته‌های حاصل از داده‌ها ارتباط واضحی را نشان می‌دهند.,B2
83,Academic Writing,نگارش آکادمیک,Extended attributes,صفات بسط‌یافته,B2,7,received,Wie begründen Sie Ihre Position?,How do you justify your position?,موضع خود را چگونه توجیه می‌کنید؟,B2
83,Academic Writing,نگارش آکادمیک,Extended attributes,صفات بسط‌یافته,B2,8,sent,"Gestützt auf die vorliegenden Forschungsergebnisse lässt sich argumentieren, dass...",Based on the available research results it can be argued that...,بر اساس نتایج تحقیقات موجود می‌توان استدلال کرد که...,B2
83,Academic Writing,نگارش آکادمیک,Extended attributes,صفات بسط‌یافته,B2,9,received,Zusammenfassend lässt sich sagen...,In summary one can say...,به طور خلاصه می‌توان گفت...,B2
83,Academic Writing,نگارش آکادمیک,Extended attributes,صفات بسط‌یافته,B2,10,sent,"Abschließend sei darauf hingewiesen, dass weitere Forschung notwendig ist.",In conclusion it should be pointed out that further research is necessary.,در نتیجه‌گیری باید اشاره کرد که تحقیقات بیشتری لازم است.,B2
84,Literature & Books,ادبیات و کتاب,Konjunktiv I indirect speech,نقل‌قول غیرمستقیم با وجه التزامی یک,B2,1,received,Was für ein Buch liest du gerade?,What kind of book are you reading right now?,الان چه کتابی می‌خوانی؟,B1
84,Literature & Books,ادبیات و کتاب,Konjunktiv I indirect speech,نقل‌قول غیرمستقیم با وجه التزامی یک,B2,2,sent,"Ich lese einen Roman von Thomas Mann. Der Autor beschreibe, so die Kritiker, das Leben der Gesellschaft meisterhaft.","I am reading a novel by Thomas Mann. The author describes, according to critics, the life of society masterfully.",یک رمان از توماس مان می‌خوانم. به گفته منتقدان نویسنده زندگی جامعه را استادانه توصیف می‌کند.,B2
84,Literature & Books,ادبیات و کتاب,Konjunktiv I indirect speech,نقل‌قول غیرمستقیم با وجه التزامی یک,B2,3,received,Was ist die Hauptaussage des Buches?,What is the main message of the book?,پیام اصلی کتاب چیست؟,B2
84,Literature & Books,ادبیات و کتاب,Konjunktiv I indirect speech,نقل‌قول غیرمستقیم با وجه التزامی یک,B2,4,sent,"Der Erzähler behauptet, die Familie sei ein Spiegel der Gesellschaft.",The narrator claims the family is a mirror of society.,راوی ادعا می‌کند خانواده آینه جامعه است.,B2
84,Literature & Books,ادبیات و کتاب,Konjunktiv I indirect speech,نقل‌قول غیرمستقیم با وجه التزامی یک,B2,5,received,Hast du auch Kafka gelesen?,Have you also read Kafka?,کافکا هم خوانده‌ای؟,B1
84,Literature & Books,ادبیات و کتاب,Konjunktiv I indirect speech,نقل‌قول غیرمستقیم با وجه التزامی یک,B2,6,sent,"Ja, Kafka schreibt so, als befände sich der Leser in einem Alptraum.","Yes, Kafka writes as if the reader were in a nightmare.",بله، کافکا طوری می‌نویسد که انگار خواننده در یک کابوس است.,B2
84,Literature & Books,ادبیات و کتاب,Konjunktiv I indirect speech,نقل‌قول غیرمستقیم با وجه التزامی یک,B2,7,received,"Die Literaturkritikerin meinte, das Werk sei revolutionär gewesen.",The literary critic said the work had been revolutionary.,منتقد ادبی گفت اثر انقلابی بوده.,B2
84,Literature & Books,ادبیات و کتاب,Konjunktiv I indirect speech,نقل‌قول غیرمستقیم با وجه التزامی یک,B2,8,sent,"Ja, sie sagte auch, es habe die moderne Literatur grundlegend beeinflusst.","Yes, she also said it had fundamentally influenced modern literature.",بله، همچنین گفت ادبیات مدرن را از بنیان تحت تاثیر قرار داده.,B2
84,Literature & Books,ادبیات و کتاب,Konjunktiv I indirect speech,نقل‌قول غیرمستقیم با وجه التزامی یک,B2,9,received,Welche persische Literatur würdest du empfehlen?,What Persian literature would you recommend?,چه ادبیات فارسی‌ای پیشنهاد می‌دهی؟,B1
84,Literature & Books,ادبیات و کتاب,Konjunktiv I indirect speech,نقل‌قول غیرمستقیم با وجه التزامی یک,B2,10,sent,Hafis und Rumi gehören zu den bedeutendsten Dichtern der Weltliteratur.,Hafez and Rumi are among the most significant poets of world literature.,حافظ و مولانا از مهم‌ترین شاعران ادبیات جهان هستند.,B2
85,Philosophy & Ethics,فلسفه و اخلاق,Complex Konjunktiv II,وجه التزامی دو پیچیده,B2,1,received,"Wenn alle Menschen gleich behandelt würden, wäre die Welt gerechter.","If all people were treated equally, the world would be more just.",اگر با همه مردم برابر رفتار می‌شد دنیا عادلانه‌تر بود.,B2
85,Philosophy & Ethics,فلسفه و اخلاق,Complex Konjunktiv II,وجه التزامی دو پیچیده,B2,2,sent,"Das stimmt, aber hätten wir je absolute Gerechtigkeit erreichen können?","That is true, but could we ever have achieved absolute justice?",درسته، ولی آیا ما هرگز توانسته بودیم به عدالت مطلق برسیم؟,B2
85,Philosophy & Ethics,فلسفه و اخلاق,Complex Konjunktiv II,وجه التزامی دو پیچیده,B2,3,received,"Was wäre gewesen, wenn die Geschichte anders verlaufen wäre?",What would have been if history had gone differently?,اگر تاریخ متفاوت رقم خورده بود چه می‌شد؟,B2
85,Philosophy & Ethics,فلسفه و اخلاق,Complex Konjunktiv II,وجه التزامی دو پیچیده,B2,4,sent,"Hätte die Aufklärung nicht stattgefunden, wäre die moderne Demokratie nicht entstanden.","Had the Enlightenment not taken place, modern democracy would not have emerged.",اگر روشنگری رخ نداده بود دموکراسی مدرن به وجود نمی‌آمد.,B2
85,Philosophy & Ethics,فلسفه و اخلاق,Complex Konjunktiv II,وجه التزامی دو پیچیده,B2,5,received,Ist Freiheit wichtiger als Sicherheit?,Is freedom more important than security?,آزادی مهم‌تر از امنیت است؟,B2
85,Philosophy & Ethics,فلسفه و اخلاق,Complex Konjunktiv II,وجه التزامی دو پیچیده,B2,6,sent,"Wer Freiheit aufgibt, um Sicherheit zu gewinnen, hätte beides nicht verdient.",He who gives up freedom to gain security deserves neither.,کسی که آزادی را فدای امنیت کند هیچکدام را لایق نیست.,B2
85,Philosophy & Ethics,فلسفه و اخلاق,Complex Konjunktiv II,وجه التزامی دو پیچیده,B2,7,received,"Haben wir eine moralische Pflicht, anderen zu helfen?",Do we have a moral duty to help others?,آیا وظیفه اخلاقی داریم به دیگران کمک کنیم؟,B2
85,Philosophy & Ethics,فلسفه و اخلاق,Complex Konjunktiv II,وجه التزامی دو پیچیده,B2,8,sent,"Ich würde sagen, dass Mitgefühl die Grundlage jeder ethischen Handlung sein sollte.",I would say that compassion should be the foundation of every ethical action.,به نظرم شفقت باید پایه هر عمل اخلاقی باشد.,B2
85,Philosophy & Ethics,فلسفه و اخلاق,Complex Konjunktiv II,وجه التزامی دو پیچیده,B2,9,received,Können wir objektiv über Moral urteilen?,Can we judge morality objectively?,آیا می‌توانیم درباره اخلاق به طور عینی قضاوت کنیم؟,B2
85,Philosophy & Ethics,فلسفه و اخلاق,Complex Konjunktiv II,وجه التزامی دو پیچیده,B2,10,sent,"Das ist eine schwierige Frage. Hätten verschiedene Kulturen nicht unterschiedliche Werte, wäre es einfacher.","That is a difficult question. If different cultures didn't have different values, it would be easier.",سوال سختی است. اگر فرهنگ‌های مختلف ارزش‌های متفاوتی نداشتند آسان‌تر بود.,B2
86,Global Issues,مسائل جهانی,Passive alternatives: lassen + sich,جایگزین مجهول: lassen + sich,B2,1,received,Lässt sich der Klimawandel noch aufhalten?,Can climate change still be stopped?,آیا هنوز می‌توان جلوی تغییرات اقلیمی را گرفت؟,B2
86,Global Issues,مسائل جهانی,Passive alternatives: lassen + sich,جایگزین مجهول: lassen + sich,B2,2,sent,"Es lässt sich argumentieren, dass sofortiges Handeln notwendig ist.",It can be argued that immediate action is necessary.,می‌توان استدلال کرد که اقدام فوری ضروری است.,B2
86,Global Issues,مسائل جهانی,Passive alternatives: lassen + sich,جایگزین مجهول: lassen + sich,B2,3,received,"Die Armut ist ein Problem, das sich nicht leicht lösen lässt.",Poverty is a problem that cannot be easily solved.,فقر مشکلی است که به سادگی حل‌شدنی نیست.,B2
86,Global Issues,مسائل جهانی,Passive alternatives: lassen + sich,جایگزین مجهول: lassen + sich,B2,4,sent,"Das ist wahr, aber durch internationale Zusammenarbeit lässt sich viel erreichen.","That is true, but through international cooperation much can be achieved.",درست است ولی با همکاری بین‌المللی می‌توان به خیلی چیزها رسید.,B2
86,Global Issues,مسائل جهانی,Passive alternatives: lassen + sich,جایگزین مجهول: lassen + sich,B2,5,received,Die Digitalisierung ist nicht aufzuhalten.,Digitization cannot be stopped.,دیجیتال‌سازی متوقف‌شدنی نیست.,B2
86,Global Issues,مسائل جهانی,Passive alternatives: lassen + sich,جایگزین مجهول: lassen + sich,B2,6,sent,"Nein, aber sie lässt sich so gestalten, dass alle davon profitieren.","No, but it can be shaped so that everyone benefits from it.",نه، ولی می‌توان آن را طوری شکل داد که همه سود ببرند.,B2
86,Global Issues,مسائل جهانی,Passive alternatives: lassen + sich,جایگزین مجهول: lassen + sich,B2,7,received,Wie lässt sich die Ungleichheit zwischen Arm und Reich verringern?,How can the inequality between rich and poor be reduced?,چطور می‌توان نابرابری بین فقیر و غنی را کاهش داد؟,B2
86,Global Issues,مسائل جهانی,Passive alternatives: lassen + sich,جایگزین مجهول: lassen + sich,B2,8,sent,Durch bessere Bildung und faire Steuerpolitik lässt sich die Kluft verkleinern.,Through better education and fair tax policy the gap can be reduced.,با آموزش بهتر و سیاست مالیاتی عادلانه می‌توان شکاف را کم کرد.,B2
86,Global Issues,مسائل جهانی,Passive alternatives: lassen + sich,جایگزین مجهول: lassen + sich,B2,9,received,Der Frieden lässt sich nur durch Dialog erreichen.,Peace can only be achieved through dialogue.,صلح فقط از طریق گفتگو قابل دستیابی است.,B2
86,Global Issues,مسائل جهانی,Passive alternatives: lassen + sich,جایگزین مجهول: lassen + sich,B2,10,sent,"Ja, Konflikte lassen sich am besten durch Verhandlungen und Kompromisse lösen.","Yes, conflicts can best be resolved through negotiations and compromises.",بله، بهترین راه حل اختلافات از طریق مذاکره و سازش است.,B2
87,Advanced Debate,بحث پیشرفته,"Concessive connectors: dennoch, nichtsdestotrotz",حروف ربط تقابلی: با این حال، با وجود این,B2,1,received,"Die Wirtschaft wächst, dennoch steigt die Unzufriedenheit.","The economy is growing, nevertheless dissatisfaction is rising.",اقتصاد رشد می‌کند، با این حال نارضایتی افزایش می‌یابد.,B2
87,Advanced Debate,بحث پیشرفته,"Concessive connectors: dennoch, nichtsdestotrotz",حروف ربط تقابلی: با این حال، با وجود این,B2,2,sent,"Das mag stimmen, nichtsdestotrotz hat sich die Lebensqualität verbessert.","That may be true, nevertheless quality of life has improved.",شاید درست باشد، با وجود این کیفیت زندگی بهتر شده.,B2
87,Advanced Debate,بحث پیشرفته,"Concessive connectors: dennoch, nichtsdestotrotz",حروف ربط تقابلی: با این حال، با وجود این,B2,3,received,"Einerseits brauchen wir Wirtschaftswachstum, andererseits müssen wir die Umwelt schützen.","On one hand we need economic growth, on the other we must protect the environment.",از یک سو به رشد اقتصادی نیاز داریم، از سوی دیگر باید از محیط زیست محافظت کنیم.,B2
87,Advanced Debate,بحث پیشرفته,"Concessive connectors: dennoch, nichtsdestotrotz",حروف ربط تقابلی: با این حال، با وجود این,B2,4,sent,Das ist ein berechtigter Einwand. Gleichwohl gibt es nachhaltige Lösungen.,That is a valid objection. Nevertheless there are sustainable solutions.,این اعتراض موجهی است. با این وجود راه‌حل‌های پایدار وجود دارد.,B2
87,Advanced Debate,بحث پیشرفته,"Concessive connectors: dennoch, nichtsdestotrotz",حروف ربط تقابلی: با این حال، با وجود این,B2,5,received,Ich widerspreche Ihnen in diesem Punkt.,I disagree with you on this point.,در این مورد با شما مخالفم.,B2
87,Advanced Debate,بحث پیشرفته,"Concessive connectors: dennoch, nichtsdestotrotz",حروف ربط تقابلی: با این حال، با وجود این,B2,6,sent,"Ihre Argumentation leuchtet ein, allerdings fehlen mir die Belege dafür.","Your argumentation makes sense, however I am missing the evidence for it.",استدلالتان منطقی است، هرچند شواهد آن را نمی‌بینم.,B2
87,Advanced Debate,بحث پیشرفته,"Concessive connectors: dennoch, nichtsdestotrotz",حروف ربط تقابلی: با این حال، با وجود این,B2,7,received,Trotz aller Bemühungen bleibt das Problem bestehen.,Despite all efforts the problem persists.,با وجود تمام تلاش‌ها مشکل باقی می‌ماند.,B2
87,Advanced Debate,بحث پیشرفته,"Concessive connectors: dennoch, nichtsdestotrotz",حروف ربط تقابلی: با این حال، با وجود این,B2,8,sent,Das ist richtig. Dessenungeachtet sollten wir nicht aufgeben.,That is correct. Regardless we should not give up.,درست است. با این وجود نباید تسلیم شویم.,B2
87,Advanced Debate,بحث پیشرفته,"Concessive connectors: dennoch, nichtsdestotrotz",حروف ربط تقابلی: با این حال، با وجود این,B2,9,received,"Lassen Sie mich zusammenfassen: Wir sind uns einig, dass Handlungsbedarf besteht.",Let me summarize: We agree that action is needed.,اجازه دهید خلاصه کنم: توافق داریم که نیاز به اقدام هست.,B2
87,Advanced Debate,بحث پیشرفته,"Concessive connectors: dennoch, nichtsdestotrotz",حروف ربط تقابلی: با این حال، با وجود این,B2,10,sent,"Genau. Zwar gibt es Meinungsverschiedenheiten, jedoch teilen wir das gleiche Ziel.","Exactly. Although there are disagreements, we share the same goal.",دقیقا. اگرچه اختلاف‌نظر هست ولی هدف مشترکی داریم.,B2
88,Nuanced Expression,بیان ظریف,"Modal particles: ja, doch, mal, halt, eben","ذرات حالتی: ja, doch, mal, halt, eben",B2,1,received,Das ist ja interessant! Davon wusste ich nichts.,That is indeed interesting! I didn't know about that.,واقعا جالب است! از آن خبر نداشتم.,B2
88,Nuanced Expression,بیان ظریف,"Modal particles: ja, doch, mal, halt, eben","ذرات حالتی: ja, doch, mal, halt, eben",B2,2,sent,Komm doch mal vorbei! Wir können darüber reden.,Do come by sometime! We can talk about it.,یک سر بیا! می‌توانیم درباره‌اش صحبت کنیم.,B2
88,Nuanced Expression,بیان ظریف,"Modal particles: ja, doch, mal, halt, eben","ذرات حالتی: ja, doch, mal, halt, eben",B2,3,received,Das ist halt so. Daran kann man nichts ändern.,That is just the way it is. You can't change it.,دیگه همینه. نمی‌شه تغییرش داد.,B2
88,Nuanced Expression,بیان ظریف,"Modal particles: ja, doch, mal, halt, eben","ذرات حالتی: ja, doch, mal, halt, eben",B2,4,sent,"Na ja, man könnte es eben auch anders sehen.","Well, you could just see it differently too.",خب، خوب می‌شه از زاویه دیگه‌ای هم بهش نگاه کرد.,B2
88,Nuanced Expression,بیان ظریف,"Modal particles: ja, doch, mal, halt, eben","ذرات حالتی: ja, doch, mal, halt, eben",B2,5,received,Kannst du mir mal kurz helfen?,Can you help me quickly?,می‌تونی یه لحظه کمکم کنی؟,B2
88,Nuanced Expression,بیان ظریف,"Modal particles: ja, doch, mal, halt, eben","ذرات حالتی: ja, doch, mal, halt, eben",B2,6,sent,Ja klar! Das ist ja nicht schwer.,Yes of course! That is not hard at all.,آره حتما! اصلا سخت نیست.,B2
88,Nuanced Expression,بیان ظریف,"Modal particles: ja, doch, mal, halt, eben","ذرات حالتی: ja, doch, mal, halt, eben",B2,7,received,Das war doch kein Fehler! Sei nicht so streng mit dir.,That was no mistake at all! Don't be so hard on yourself.,اصلا اشتباه نبود! اینقدر سخت نگیر.,B2
88,Nuanced Expression,بیان ظریف,"Modal particles: ja, doch, mal, halt, eben","ذرات حالتی: ja, doch, mal, halt, eben",B2,8,sent,Du hast wohl Recht. Ich mache mir halt zu viele Sorgen.,You are probably right. I just worry too much.,احتمالا حق با توئه. دیگه زیاد نگران می‌شم.,B2
88,Nuanced Expression,بیان ظریف,"Modal particles: ja, doch, mal, halt, eben","ذرات حالتی: ja, doch, mal, halt, eben",B2,9,received,Schau dir das mal an! Das ist eben typisch deutsch.,Take a look at that! That is just typically German.,ببین! این دیگه کاملا آلمانی‌ئه.,B2
88,Nuanced Expression,بیان ظریف,"Modal particles: ja, doch, mal, halt, eben","ذرات حالتی: ja, doch, mal, halt, eben",B2,10,sent,"Ja, das fällt einem ja sofort auf, wenn man hier lebt.","Yes, you notice that right away when you live here.",آره، وقتی اینجا زندگی می‌کنی فوری متوجه می‌شی.,B2
89,Scientific Language,زبان علمی,Nominalized verbs and processes,اسم‌سازی از افعال و فرایندها,B2,1,received,Die Durchführung des Experiments verlief erfolgreich.,The execution of the experiment went successfully.,اجرای آزمایش موفقیت‌آمیز بود.,B2
89,Scientific Language,زبان علمی,Nominalized verbs and processes,اسم‌سازی از افعال و فرایندها,B2,2,sent,Die Auswertung der Ergebnisse bestätigt unsere Hypothese.,The evaluation of the results confirms our hypothesis.,ارزیابی نتایج فرضیه ما را تایید می‌کند.,B2
89,Scientific Language,زبان علمی,Nominalized verbs and processes,اسم‌سازی از افعال و فرایندها,B2,3,received,Die Verbesserung der Luftqualität ist ein wichtiges Forschungsziel.,The improvement of air quality is an important research goal.,بهبود کیفیت هوا یک هدف تحقیقاتی مهم است.,B2
89,Scientific Language,زبان علمی,Nominalized verbs and processes,اسم‌سازی از افعال و فرایندها,B2,4,sent,Die Entwicklung neuer Technologien trägt zur Lösung des Problems bei.,The development of new technologies contributes to solving the problem.,توسعه فناوری‌های جدید در حل مشکل نقش دارد.,B2
89,Scientific Language,زبان علمی,Nominalized verbs and processes,اسم‌سازی از افعال و فرایندها,B2,5,received,Zur Überprüfung der Theorie wurden weitere Tests durchgeführt.,For verification of the theory further tests were conducted.,برای بررسی نظریه آزمایش‌های بیشتری انجام شد.,B2
89,Scientific Language,زبان علمی,Nominalized verbs and processes,اسم‌سازی از افعال و فرایندها,B2,6,sent,Die Beobachtung zeigt eine signifikante Veränderung des Verhaltens.,The observation shows a significant change in behavior.,مشاهدات تغییر قابل توجهی در رفتار نشان می‌دهد.,B2
89,Scientific Language,زبان علمی,Nominalized verbs and processes,اسم‌سازی از افعال و فرایندها,B2,7,received,Welche Bedeutung hat diese Entdeckung für die Medizin?,What significance does this discovery have for medicine?,این کشف چه اهمیتی برای پزشکی دارد؟,B2
89,Scientific Language,زبان علمی,Nominalized verbs and processes,اسم‌سازی از افعال و فرایندها,B2,8,sent,Die Anwendung dieser Methode könnte die Behandlung revolutionieren.,The application of this method could revolutionize treatment.,کاربرد این روش می‌تواند درمان را متحول کند.,B2
89,Scientific Language,زبان علمی,Nominalized verbs and processes,اسم‌سازی از افعال و فرایندها,B2,9,received,Die Veröffentlichung der Studie hat eine breite Diskussion ausgelöst.,The publication of the study triggered a broad discussion.,انتشار مطالعه بحث گسترده‌ای را به راه انداخت.,B2
89,Scientific Language,زبان علمی,Nominalized verbs and processes,اسم‌سازی از افعال و فرایندها,B2,10,sent,Die Zusammenarbeit zwischen den Instituten hat zur Beschleunigung der Forschung geführt.,The cooperation between the institutes led to acceleration of research.,همکاری بین موسسات به تسریع تحقیقات منجر شد.,B2
90,Legal & Bureaucratic,زبان حقوقی و اداری,Formal passive and genitive chains,مجهول رسمی و زنجیره ملکی,B2,1,received,Gemäß den Bestimmungen des Aufenthaltsgesetzes muss ein Antrag gestellt werden.,According to the provisions of the Residence Act an application must be filed.,بر اساس مفاد قانون اقامت باید درخواست ارائه شود.,B2
90,Legal & Bureaucratic,زبان حقوقی و اداری,Formal passive and genitive chains,مجهول رسمی و زنجیره ملکی,B2,2,sent,Welche Unterlagen werden für die Beantragung des Visums benötigt?,What documents are needed for the visa application?,چه مدارکی برای درخواست ویزا لازم است؟,B2
90,Legal & Bureaucratic,زبان حقوقی و اداری,Formal passive and genitive chains,مجهول رسمی و زنجیره ملکی,B2,3,received,Die Verlängerung der Aufenthaltserlaubnis erfordert den Nachweis der Krankenversicherung.,The extension of the residence permit requires proof of health insurance.,تمدید اجازه اقامت نیاز به مدرک بیمه درمانی دارد.,B2
90,Legal & Bureaucratic,زبان حقوقی و اداری,Formal passive and genitive chains,مجهول رسمی و زنجیره ملکی,B2,4,sent,Ich habe alle erforderlichen Dokumente eingereicht. Wann wird der Bescheid erteilt?,I have submitted all required documents. When will the notice be issued?,همه مدارک لازم را تحویل دادم. کی ابلاغیه صادر می‌شود؟,B2
90,Legal & Bureaucratic,زبان حقوقی و اداری,Formal passive and genitive chains,مجهول رسمی و زنجیره ملکی,B2,5,received,Die Bearbeitung des Antrags kann bis zu sechs Wochen dauern.,Processing of the application can take up to six weeks.,بررسی درخواست تا شش هفته طول می‌کشد.,B2
90,Legal & Bureaucratic,زبان حقوقی و اداری,Formal passive and genitive chains,مجهول رسمی و زنجیره ملکی,B2,6,sent,Kann gegen die Entscheidung der Behörde Widerspruch eingelegt werden?,Can an objection be filed against the authority's decision?,آیا می‌توان علیه تصمیم اداره اعتراض کرد؟,B2
90,Legal & Bureaucratic,زبان حقوقی و اداری,Formal passive and genitive chains,مجهول رسمی و زنجیره ملکی,B2,7,received,"Ja, innerhalb eines Monats nach Zustellung des Bescheids.","Yes, within one month after delivery of the notice.",بله، ظرف یک ماه پس از ابلاغ.,B2
90,Legal & Bureaucratic,زبان حقوقی و اداری,Formal passive and genitive chains,مجهول رسمی و زنجیره ملکی,B2,8,sent,Unter Berücksichtigung aller Umstände bitte ich um Beschleunigung des Verfahrens.,Taking all circumstances into account I request acceleration of the process.,با در نظر گرفتن تمام شرایط درخواست تسریع روند را دارم.,B2
90,Legal & Bureaucratic,زبان حقوقی و اداری,Formal passive and genitive chains,مجهول رسمی و زنجیره ملکی,B2,9,received,Der Antragsteller wird hiermit über die Genehmigung seines Antrags informiert.,The applicant is hereby informed of the approval of his application.,بدینوسیله به متقاضی در خصوص تایید درخواستش اطلاع داده می‌شود.,B2
90,Legal & Bureaucratic,زبان حقوقی و اداری,Formal passive and genitive chains,مجهول رسمی و زنجیره ملکی,B2,10,sent,Vielen Dank! Ich nehme die Genehmigung mit großer Erleichterung zur Kenntnis.,Thank you! I acknowledge the approval with great relief.,خیلی ممنون! با خیال راحت از تاییدیه مطلع شدم.,B2
91,Advanced Essay Writing,نگارش مقاله پیشرفته,Causal/consecutive connectors,حروف ربط علت و معلولی,B2,1,received,Infolgedessen hat sich die Situation verschlechtert.,As a result the situation has worsened.,در نتیجه اوضاع بدتر شده.,B2
91,Advanced Essay Writing,نگارش مقاله پیشرفته,Causal/consecutive connectors,حروف ربط علت و معلولی,B2,2,sent,Demzufolge müssen wir unsere Strategie ändern.,Accordingly we must change our strategy.,بنابراین باید استراتژی‌مان را تغییر دهیم.,B2
91,Advanced Essay Writing,نگارش مقاله پیشرفته,Causal/consecutive connectors,حروف ربط علت و معلولی,B2,3,received,Aufgrund der steigenden Kosten wurde das Projekt eingestellt.,Due to rising costs the project was discontinued.,به دلیل افزایش هزینه‌ها پروژه متوقف شد.,B2
91,Advanced Essay Writing,نگارش مقاله پیشرفته,Causal/consecutive connectors,حروف ربط علت و معلولی,B2,4,sent,"Folglich wurden viele Mitarbeiter entlassen, was zu Protesten führte.","Consequently many employees were fired, which led to protests.",در نتیجه کارکنان زیادی اخراج شدند که به اعتراضات منجر شد.,B2
91,Advanced Essay Writing,نگارش مقاله پیشرفته,Causal/consecutive connectors,حروف ربط علت و معلولی,B2,5,received,Wie strukturiert man einen überzeugenden Aufsatz?,How does one structure a convincing essay?,چگونه یک مقاله متقاعدکننده ساختاربندی می‌شود؟,B2
91,Advanced Essay Writing,نگارش مقاله پیشرفته,Causal/consecutive connectors,حروف ربط علت و معلولی,B2,6,sent,"Zunächst stellt man die These auf, anschließend liefert man Belege.","First one presents the thesis, then one provides evidence.",ابتدا فرضیه مطرح می‌شود، سپس شواهد ارائه می‌شوند.,B2
91,Advanced Essay Writing,نگارش مقاله پیشرفته,Causal/consecutive connectors,حروف ربط علت و معلولی,B2,7,received,Abschließend fasst man die Ergebnisse zusammen.,Finally one summarizes the results.,در پایان نتایج خلاصه می‌شوند.,B2
91,Advanced Essay Writing,نگارش مقاله پیشرفته,Causal/consecutive connectors,حروف ربط علت و معلولی,B2,8,sent,Darüber hinaus sollte man mögliche Gegenargumente berücksichtigen.,Furthermore one should consider possible counterarguments.,علاوه بر این باید استدلال‌های مخالف احتمالی را در نظر گرفت.,B2
91,Advanced Essay Writing,نگارش مقاله پیشرفته,Causal/consecutive connectors,حروف ربط علت و معلولی,B2,9,received,Der Zusammenhang zwischen Bildung und Wohlstand ist unbestritten.,The connection between education and prosperity is undisputed.,ارتباط بین آموزش و رفاه بحث‌ناپذیر است.,B2
91,Advanced Essay Writing,نگارش مقاله پیشرفته,Causal/consecutive connectors,حروف ربط علت و معلولی,B2,10,sent,Aus diesem Grund sollte die Investition in Bildung oberste Priorität haben.,For this reason investment in education should have top priority.,به همین دلیل سرمایه‌گذاری در آموزش باید اولویت اول باشد.,B2
92,Complex Narration,روایت پیچیده,Mixed tenses: Präteritum + Plusquamperfekt,زمان‌های ترکیبی: گذشته ساده + ماضی بعید,B2,1,received,Erzähl mir eine Geschichte aus deiner Kindheit.,Tell me a story from your childhood.,داستانی از کودکی‌ات بگو.,B1
92,Complex Narration,روایت پیچیده,Mixed tenses: Präteritum + Plusquamperfekt,زمان‌های ترکیبی: گذشته ساده + ماضی بعید,B2,2,sent,"Als ich zehn war, hatten meine Eltern beschlossen, nach Teheran zu ziehen.","When I was ten, my parents had decided to move to Tehran.",وقتی ده ساله بودم، پدر و مادرم تصمیم گرفته بودند به تهران بروند.,B2
92,Complex Narration,روایت پیچیده,Mixed tenses: Präteritum + Plusquamperfekt,زمان‌های ترکیبی: گذشته ساده + ماضی بعید,B2,3,received,Wie war das für dich?,How was that for you?,برایت چطور بود؟,B1
92,Complex Narration,روایت پیچیده,Mixed tenses: Präteritum + Plusquamperfekt,زمان‌های ترکیبی: گذشته ساده + ماضی بعید,B2,4,sent,"Ich hatte mich gerade an meine alte Schule gewöhnt, als wir plötzlich umzogen.",I had just gotten used to my old school when we suddenly moved.,تازه به مدرسه قبلی‌ام عادت کرده بودم که ناگهان اسباب‌کشی کردیم.,B2
92,Complex Narration,روایت پیچیده,Mixed tenses: Präteritum + Plusquamperfekt,زمان‌های ترکیبی: گذشته ساده + ماضی بعید,B2,5,received,Hattest du vorher schon Deutsch gelernt?,Had you already learned German before?,از قبل آلمانی یاد گرفته بودی؟,B2
92,Complex Narration,روایت پیچیده,Mixed tenses: Präteritum + Plusquamperfekt,زمان‌های ترکیبی: گذشته ساده + ماضی بعید,B2,6,sent,"Nein, bevor ich nach Deutschland kam, hatte ich nur Englisch und Persisch gesprochen.","No, before I came to Germany I had only spoken English and Persian.",نه، قبل از آمدن به آلمان فقط انگلیسی و فارسی صحبت کرده بودم.,B2
92,Complex Narration,روایت پیچیده,Mixed tenses: Präteritum + Plusquamperfekt,زمان‌های ترکیبی: گذشته ساده + ماضی بعید,B2,7,received,Was war der schwierigste Moment?,What was the most difficult moment?,سخت‌ترین لحظه چه بود؟,B1
92,Complex Narration,روایت پیچیده,Mixed tenses: Präteritum + Plusquamperfekt,زمان‌های ترکیبی: گذشته ساده + ماضی بعید,B2,8,sent,"Nachdem ich drei Monate in der Schule gewesen war, hatte ich immer noch kaum Freunde gefunden.","After I had been in school for three months, I still had barely found any friends.",بعد از سه ماه در مدرسه هنوز تقریبا هیچ دوستی پیدا نکرده بودم.,B2
92,Complex Narration,روایت پیچیده,Mixed tenses: Präteritum + Plusquamperfekt,زمان‌های ترکیبی: گذشته ساده + ماضی بعید,B2,9,received,Und wie hat sich das dann geändert?,And how did that change then?,و بعد چطور تغییر کرد؟,B1
92,Complex Narration,روایت پیچیده,Mixed tenses: Präteritum + Plusquamperfekt,زمان‌های ترکیبی: گذشته ساده + ماضی بعید,B2,10,sent,Eines Tages hatte ein Junge mich zum Fußballspielen eingeladen. Das war der Wendepunkt.,One day a boy had invited me to play football. That was the turning point.,یک روز پسری من را به فوتبال دعوت کرده بود. آن نقطه عطف بود.,B2
93,Humor & Irony,طنز و کنایه,Ironic Konjunktiv and understatement,وجه التزامی کنایی و کم‌گویی,B2,1,received,"Na, das wäre ja noch schöner! Du willst wirklich um sechs Uhr aufstehen?","Well, that would be something! You really want to get up at six?",خوبه والا! واقعا می‌خوای ساعت شش بیدار بشی؟,B2
93,Humor & Irony,طنز و کنایه,Ironic Konjunktiv and understatement,وجه التزامی کنایی و کم‌گویی,B2,2,sent,"Ja, als ob ich jeden Tag so früh aufstehen würde! Das war ein einmaliges Experiment.","Yes, as if I would get up that early every day! That was a one-time experiment.",آره، انگار هر روز اینقدر زود بیدار می‌شم! یکبار امتحان کردم.,B2
93,Humor & Irony,طنز و کنایه,Ironic Konjunktiv and understatement,وجه التزامی کنایی و کم‌گویی,B2,3,received,Das Wetter ist heute nicht gerade einladend.,The weather is not exactly inviting today.,هوا امروز خیلی دعوت‌کننده نیست.,B2
93,Humor & Irony,طنز و کنایه,Ironic Konjunktiv and understatement,وجه التزامی کنایی و کم‌گویی,B2,4,sent,Nicht gerade? Es schüttet wie aus Eimern! Das ist die Untertreibung des Jahres.,Not exactly? It is pouring buckets! That is the understatement of the year.,خیلی نه؟ داره مثل سطل آب می‌باره! این کم‌گویی قرن است.,B2
93,Humor & Irony,طنز و کنایه,Ironic Konjunktiv and understatement,وجه التزامی کنایی و کم‌گویی,B2,5,received,Der Deutsche und sein Mülltrennsystem - das ist eine eigene Wissenschaft.,The German and his waste separation system - that is a science in itself.,آلمانی‌ها و سیستم جداسازی زباله‌شان - این خودش یک علم است.,B2
93,Humor & Irony,طنز و کنایه,Ironic Konjunktiv and understatement,وجه التزامی کنایی و کم‌گویی,B2,6,sent,"Stimmt! Wenn du den falschen Müll in die falsche Tonne wirfst, gibt es Ärger.","True! If you throw the wrong trash in the wrong bin, there is trouble.",درسته! اگر زباله اشتباهی در سطل اشتباه بندازی دردسر داری.,B2
93,Humor & Irony,طنز و کنایه,Ironic Konjunktiv and understatement,وجه التزامی کنایی و کم‌گویی,B2,7,received,"Hätte ich das nur vorher gewusst, hätte ich den Deutschkurs abgebrochen.","If only I had known that before, I would have dropped the German course.",ای کاش از قبل می‌دانستم، کلاس آلمانی را ول می‌کردم.,B2
93,Humor & Irony,طنز و کنایه,Ironic Konjunktiv and understatement,وجه التزامی کنایی و کم‌گویی,B2,8,sent,"Ach komm, so schlimm ist es auch wieder nicht!","Oh come on, it is not that bad!",ای بابا، اینقدرها هم بد نیست!,B2
93,Humor & Irony,طنز و کنایه,Ironic Konjunktiv and understatement,وجه التزامی کنایی و کم‌گویی,B2,9,received,"Man könnte meinen, die deutsche Bürokratie sei ein Hobby.",One might think German bureaucracy is a hobby.,آدم فکر می‌کنه بوروکراسی آلمان یک سرگرمیه.,B2
93,Humor & Irony,طنز و کنایه,Ironic Konjunktiv and understatement,وجه التزامی کنایی و کم‌گویی,B2,10,sent,"Haha! Ja, Formulare ausfüllen ist hier quasi Volkssport.","Haha! Yes, filling out forms is practically a national sport here.",هاها! آره، پر کردن فرم اینجا عملا ورزش ملی‌ست.,B2
94,Regional Differences,تفاوت‌های منطقه‌ای,"Dialectal features: Grüezi, Servus, Moin",ویژگی‌های لهجه‌ای,B2,1,received,In Bayern sagt man Grüß Gott statt Guten Tag.,In Bavaria they say Grüß Gott instead of Guten Tag.,در باواریا به جای روز بخیر می‌گویند خدا سلامت.,B2
94,Regional Differences,تفاوت‌های منطقه‌ای,"Dialectal features: Grüezi, Servus, Moin",ویژگی‌های لهجه‌ای,B2,2,sent,Und in Norddeutschland hört man oft Moin als Begrüßung.,And in northern Germany you often hear Moin as a greeting.,و در شمال آلمان اغلب مویین به عنوان سلام می‌شنوید.,B2
94,Regional Differences,تفاوت‌های منطقه‌ای,"Dialectal features: Grüezi, Servus, Moin",ویژگی‌های لهجه‌ای,B2,3,received,In der Schweiz sagt man Grüezi und Merci vielmal.,In Switzerland they say Grüezi and Merci vielmal.,در سوئیس می‌گویند گروتسی و مرسی خیلی.,B2
94,Regional Differences,تفاوت‌های منطقه‌ای,"Dialectal features: Grüezi, Servus, Moin",ویژگی‌های لهجه‌ای,B2,4,sent,Österreichisches Deutsch klingt melodischer. Dort sagt man Servus.,Austrian German sounds more melodic. There they say Servus.,آلمانی اتریشی موسیقایی‌تر به نظر می‌رسد. آنجا می‌گویند زروس.,B2
94,Regional Differences,تفاوت‌های منطقه‌ای,"Dialectal features: Grüezi, Servus, Moin",ویژگی‌های لهجه‌ای,B2,5,received,Versteht man als Hochdeutsch-Sprecher die Dialekte gut?,Does a standard German speaker understand the dialects well?,آیا کسی که آلمانی معیار صحبت می‌کند لهجه‌ها را خوب می‌فهمد؟,B2
94,Regional Differences,تفاوت‌های منطقه‌ای,"Dialectal features: Grüezi, Servus, Moin",ویژگی‌های لهجه‌ای,B2,6,sent,Nicht immer. Schwäbisch und Bayerisch können sehr schwer zu verstehen sein.,Not always. Swabian and Bavarian can be very hard to understand.,نه همیشه. لهجه شوابن و باواریایی خیلی سخت فهمیده می‌شوند.,B2
94,Regional Differences,تفاوت‌های منطقه‌ای,"Dialectal features: Grüezi, Servus, Moin",ویژگی‌های لهجه‌ای,B2,7,received,Gibt es auch Unterschiede beim Essen in den verschiedenen Regionen?,Are there also differences in food in the different regions?,در غذاها هم بین مناطق مختلف تفاوت هست؟,B2
94,Regional Differences,تفاوت‌های منطقه‌ای,"Dialectal features: Grüezi, Servus, Moin",ویژگی‌های لهجه‌ای,B2,8,sent,"Ja! Im Norden isst man mehr Fisch, im Süden mehr Knödel und Braten.","Yes! In the north they eat more fish, in the south more dumplings and roast.",بله! در شمال ماهی بیشتر می‌خورند، در جنوب کنودل و کباب.,B2
94,Regional Differences,تفاوت‌های منطقه‌ای,"Dialectal features: Grüezi, Servus, Moin",ویژگی‌های لهجه‌ای,B2,9,received,In Berlin hat sich eine eigene Stadtsprache entwickelt.,In Berlin its own city language has developed.,در برلین زبان شهری خاص خودش توسعه یافته.,B2
94,Regional Differences,تفاوت‌های منطقه‌ای,"Dialectal features: Grüezi, Servus, Moin",ویژگی‌های لهجه‌ای,B2,10,sent,"Ja, das Berlinerisch ist sehr direkt und humorvoll. Typisch Berliner Schnauze!","Yes, Berlinerisch is very direct and humorous. Typical Berlin snout!",بله، لهجه برلینی خیلی رک و شوخ‌طبعانه است.,B2
95,Formal vs Informal,سبک رسمی و غیررسمی,Register switching: du/Sie,تغییر سطح زبان: تو/شما,B2,1,received,Wann benutzt man du und wann Sie?,When does one use du and when Sie?,کی از تو استفاده می‌شود و کی از شما؟,B2
95,Formal vs Informal,سبک رسمی و غیررسمی,Register switching: du/Sie,تغییر سطح زبان: تو/شما,B2,2,sent,"In formellen Situationen verwendet man Sie, unter Freunden sagt man du.","In formal situations one uses Sie, among friends one says du.",در شرایط رسمی از شما استفاده می‌شود، بین دوستان تو.,B2
95,Formal vs Informal,سبک رسمی و غیررسمی,Register switching: du/Sie,تغییر سطح زبان: تو/شما,B2,3,received,"Ist es unhöflich, jemanden einfach zu duzen?",Is it impolite to simply address someone informally?,بی‌ادبانه است که بدون اجازه به کسی تو بگویی؟,B2
95,Formal vs Informal,سبک رسمی و غیررسمی,Register switching: du/Sie,تغییر سطح زبان: تو/شما,B2,4,sent,"Unter Gleichaltrigen ist es meistens kein Problem, aber im Beruf sollte man vorsichtig sein.","Among people of the same age it is mostly not a problem, but at work one should be careful.",بین هم‌سن‌ها معمولا مشکلی نیست ولی سر کار باید مواظب بود.,B2
95,Formal vs Informal,سبک رسمی و غیررسمی,Register switching: du/Sie,تغییر سطح زبان: تو/شما,B2,5,received,Darf ich Sie duzen? Wir arbeiten ja schon lange zusammen.,May I address you informally? We have been working together for a long time.,اجازه دارم به شما تو بگویم؟ مدت زیادی‌ست همکاریم.,B2
95,Formal vs Informal,سبک رسمی و غیررسمی,Register switching: du/Sie,تغییر سطح زبان: تو/شما,B2,6,sent,Ja natürlich! Sag ruhig du zu mir.,Yes of course! Feel free to use du with me.,بله البته! راحت باش به من تو بگو.,B2
95,Formal vs Informal,سبک رسمی و غیررسمی,Register switching: du/Sie,تغییر سطح زبان: تو/شما,B2,7,received,In E-Mails schreibt man formell anders als in Textnachrichten.,In emails one writes formally differently than in text messages.,در ایمیل‌ها متفاوت از پیامک رسمی نوشته می‌شود.,B2
95,Formal vs Informal,سبک رسمی و غیررسمی,Register switching: du/Sie,تغییر سطح زبان: تو/شما,B2,8,sent,"Genau. Eine formelle E-Mail beginnt mit Sehr geehrte/r, eine informelle mit Hallo oder Liebe/r.","Exactly. A formal email begins with Sehr geehrte/r, an informal one with Hallo or Liebe/r.",دقیقا. ایمیل رسمی با محترم شروع می‌شود، غیررسمی با سلام یا عزیز.,B2
95,Formal vs Informal,سبک رسمی و غیررسمی,Register switching: du/Sie,تغییر سطح زبان: تو/شما,B2,9,received,Das Duzen wird in Start-ups immer häufiger.,Using du is becoming more common in start-ups.,استفاده از تو در استارت‌آپ‌ها رایج‌تر شده.,B2
95,Formal vs Informal,سبک رسمی و غیررسمی,Register switching: du/Sie,تغییر سطح زبان: تو/شما,B2,10,sent,"Ja, die Arbeitskultur ändert sich. Aber bei Behörden bleibt man beim Sie.","Yes, work culture is changing. But at government offices one stays with Sie.",بله، فرهنگ کاری تغییر می‌کند. ولی در ادارات دولتی همچنان شما استفاده می‌شود.,B2
96,Media Analysis,تحلیل رسانه,Complex attributive constructions,ساختارهای وصفی پیچیده,B2,1,received,Wie analysiert man einen Nachrichtenartikel kritisch?,How does one critically analyze a news article?,چگونه یک مقاله خبری را انتقادی تحلیل می‌کنند؟,B2
96,Media Analysis,تحلیل رسانه,Complex attributive constructions,ساختارهای وصفی پیچیده,B2,2,sent,Man sollte die vom Autor verwendeten Quellen überprüfen.,One should check the sources used by the author.,باید منابع استفاده‌شده توسط نویسنده را بررسی کرد.,B2
96,Media Analysis,تحلیل رسانه,Complex attributive constructions,ساختارهای وصفی پیچیده,B2,3,received,Die in den sozialen Medien verbreiteten Nachrichten sind nicht immer zuverlässig.,The news spread on social media is not always reliable.,اخباری که در رسانه‌های اجتماعی پخش می‌شود همیشه قابل اعتماد نیست.,B2
96,Media Analysis,تحلیل رسانه,Complex attributive constructions,ساختارهای وصفی پیچیده,B2,4,sent,Das stimmt. Die von Algorithmen gesteuerte Informationsverbreitung kann zu Filterblasen führen.,That is true. The information distribution controlled by algorithms can lead to filter bubbles.,درست است. پخش اطلاعات کنترل‌شده توسط الگوریتم‌ها می‌تواند به حباب فیلتر منجر شود.,B2
96,Media Analysis,تحلیل رسانه,Complex attributive constructions,ساختارهای وصفی پیچیده,B2,5,received,Welche Rolle spielen die für Werbung bezahlenden Unternehmen?,What role do the companies paying for advertising play?,شرکت‌هایی که برای تبلیغات پول می‌دهند چه نقشی دارند؟,B2
96,Media Analysis,تحلیل رسانه,Complex attributive constructions,ساختارهای وصفی پیچیده,B2,6,sent,Die von Konzernen finanzierte Berichterstattung kann die Objektivität gefährden.,Reporting financed by corporations can endanger objectivity.,گزارشگری تامین‌مالی‌شده توسط شرکت‌ها می‌تواند بی‌طرفی را تهدید کند.,B2
96,Media Analysis,تحلیل رسانه,Complex attributive constructions,ساختارهای وصفی پیچیده,B2,7,received,Ist die Pressefreiheit in Gefahr?,Is press freedom in danger?,آزادی مطبوعات در خطر است؟,B2
96,Media Analysis,تحلیل رسانه,Complex attributive constructions,ساختارهای وصفی پیچیده,B2,8,sent,In einigen Ländern ja. Die durch politischen Druck bedrohten Journalisten brauchen Schutz.,In some countries yes. Journalists threatened by political pressure need protection.,در بعضی کشورها بله. خبرنگاران تهدیدشده توسط فشار سیاسی نیاز به حمایت دارند.,B2
96,Media Analysis,تحلیل رسانه,Complex attributive constructions,ساختارهای وصفی پیچیده,B2,9,received,Wie kann man Medienkompetenz fördern?,How can media literacy be promoted?,چگونه می‌توان سواد رسانه‌ای را ترویج کرد؟,B2
96,Media Analysis,تحلیل رسانه,Complex attributive constructions,ساختارهای وصفی پیچیده,B2,10,sent,Durch eine an Schulen integrierte Medienerziehung können junge Menschen kritisches Denken lernen.,Through media education integrated into schools young people can learn critical thinking.,با آموزش رسانه‌ای ادغام‌شده در مدارس جوانان تفکر انتقادی یاد می‌گیرند.,B2
97,Presentation Skills,مهارت‌های ارائه,Rhetorical devices and connectors,ابزارهای بلاغی و حروف ربط,B2,1,received,Wie beginnt man eine gute Präsentation?,How does one begin a good presentation?,ارائه خوب چطور شروع می‌شود؟,B2
97,Presentation Skills,مهارت‌های ارائه,Rhetorical devices and connectors,ابزارهای بلاغی و حروف ربط,B2,2,sent,Zunächst einmal möchte ich mich für Ihre Aufmerksamkeit bedanken.,First of all I would like to thank you for your attention.,اول از همه می‌خواهم بابت توجهتان تشکر کنم.,B2
97,Presentation Skills,مهارت‌های ارائه,Rhetorical devices and connectors,ابزارهای بلاغی و حروف ربط,B2,3,received,Wie leitet man zum nächsten Thema über?,How does one transition to the next topic?,چطور به موضوع بعدی منتقل می‌شویم؟,B2
97,Presentation Skills,مهارت‌های ارائه,Rhetorical devices and connectors,ابزارهای بلاغی و حروف ربط,B2,4,sent,"Damit komme ich zu meinem zweiten Punkt, nämlich den wirtschaftlichen Auswirkungen.","That brings me to my second point, namely the economic impact.",با این مطلب به نکته دومم می‌رسم، یعنی تاثیرات اقتصادی.,B2
97,Presentation Skills,مهارت‌های ارائه,Rhetorical devices and connectors,ابزارهای بلاغی و حروف ربط,B2,5,received,Wie betont man einen wichtigen Aspekt?,How does one emphasize an important aspect?,چطور یک جنبه مهم را برجسته می‌کنند؟,B2
97,Presentation Skills,مهارت‌های ارائه,Rhetorical devices and connectors,ابزارهای بلاغی و حروف ربط,B2,6,sent,"Besonders hervorzuheben ist die Tatsache, dass die Ergebnisse eindeutig sind.",Particularly noteworthy is the fact that the results are clear.,به ویژه قابل توجه است که نتایج واضح هستند.,B2
97,Presentation Skills,مهارت‌های ارائه,Rhetorical devices and connectors,ابزارهای بلاغی و حروف ربط,B2,7,received,Und wie fasst man am Ende zusammen?,And how does one summarize at the end?,و در پایان چطور خلاصه می‌کنند؟,B2
97,Presentation Skills,مهارت‌های ارائه,Rhetorical devices and connectors,ابزارهای بلاغی و حروف ربط,B2,8,sent,"Zusammenfassend lässt sich festhalten, dass die Vorteile überwiegen.",In summary it can be stated that the advantages outweigh.,به طور خلاصه می‌توان گفت مزایا بیشتر از معایب هستند.,B2
97,Presentation Skills,مهارت‌های ارائه,Rhetorical devices and connectors,ابزارهای بلاغی و حروف ربط,B2,9,received,Wie geht man mit Fragen aus dem Publikum um?,How does one deal with questions from the audience?,با سوالات حضار چطور برخورد می‌شود؟,B2
97,Presentation Skills,مهارت‌های ارائه,Rhetorical devices and connectors,ابزارهای بلاغی و حروف ربط,B2,10,sent,Vielen Dank für diese interessante Frage. Darauf möchte ich gerne eingehen.,Thank you for this interesting question. I would like to address that.,ممنون از این سوال جالب. مایلم به آن بپردازم.,B2
98,Advanced Conversation,مکالمه پیشرفته,"Ellipsis, topic-fronting, spoken grammar",حذف، پیشانی‌سازی موضوع، دستور زبان محاوره‌ای,B2,1,received,"Sag mal, warst du schon mal in Süddeutschland? Toll da!","Tell me, have you ever been to southern Germany? Great there!",بگو ببینم، تا حالا جنوب آلمان رفتی؟ عالیه اونجا!,B2
98,Advanced Conversation,مکالمه پیشرفته,"Ellipsis, topic-fronting, spoken grammar",حذف، پیشانی‌سازی موضوع، دستور زبان محاوره‌ای,B2,2,sent,"München, ja, war ich. Hamburg noch nicht. Sollte ich aber mal hin.","Munich, yes, I was. Hamburg not yet. Should go there sometime though.",مونیخ آره رفتم. هامبورگ نه هنوز. باید یه بار برم.,B2
98,Advanced Conversation,مکالمه پیشرفته,"Ellipsis, topic-fronting, spoken grammar",حذف، پیشانی‌سازی موضوع، دستور زبان محاوره‌ای,B2,3,received,"Die Prüfung gestern, die war echt schwer, oder?","The exam yesterday, that was really hard, right?",امتحان دیروز واقعا سخت بود، نه؟,B2
98,Advanced Conversation,مکالمه پیشرفته,"Ellipsis, topic-fronting, spoken grammar",حذف، پیشانی‌سازی موضوع، دستور زبان محاوره‌ای,B2,4,sent,"Total! Hätte ich mehr gelernt, wäre es besser gelaufen. Aber naja.",Totally! Had I studied more it would have gone better. But oh well.,کاملا! اگه بیشتر خونده بودم بهتر می‌شد. ولی خب.,B2
98,Advanced Conversation,مکالمه پیشرفته,"Ellipsis, topic-fronting, spoken grammar",حذف، پیشانی‌سازی موضوع، دستور زبان محاوره‌ای,B2,5,received,"Deinen Freund, den hab ich gestern getroffen. Netter Typ!","Your friend, I met him yesterday. Nice guy!",دوستت رو دیروز دیدم. آدم خوبیه!,B2
98,Advanced Conversation,مکالمه پیشرفته,"Ellipsis, topic-fronting, spoken grammar",حذف، پیشانی‌سازی موضوع، دستور زبان محاوره‌ای,B2,6,sent,"Den Ali meinst du? Ja, stimmt, der ist wirklich nett. Kennt er eigentlich schon deine Schwester?","You mean Ali? Yes, right, he is really nice. Does he already know your sister?",علی رو می‌گی؟ آره، واقعا مهربونه. اصلا خواهرت رو می‌شناسه؟,B2
98,Advanced Conversation,مکالمه پیشرفته,"Ellipsis, topic-fronting, spoken grammar",حذف، پیشانی‌سازی موضوع، دستور زبان محاوره‌ای,B2,7,received,"Apropos Schwester, die hat übrigens einen neuen Job angefangen.","Speaking of sister, she by the way started a new job.",راستی درباره خواهرم، کار جدید شروع کرده.,B2
98,Advanced Conversation,مکالمه پیشرفته,"Ellipsis, topic-fronting, spoken grammar",حذف، پیشانی‌سازی موضوع، دستور زبان محاوره‌ای,B2,8,sent,Ach echt? Freut mich für sie! Was macht sie denn jetzt?,Oh really? Happy for her! What is she doing now?,جدی؟ خوشحالم براش! الان چیکار می‌کنه؟,B2
98,Advanced Conversation,مکالمه پیشرفته,"Ellipsis, topic-fronting, spoken grammar",حذف، پیشانی‌سازی موضوع، دستور زبان محاوره‌ای,B2,9,received,Irgendwas mit Marketing. Genaueres weiß ich auch nicht.,Something with marketing. I don't know the details either.,یه چیزی تو مارکتینگ. دقیق نمی‌دونم.,B2
98,Advanced Conversation,مکالمه پیشرفته,"Ellipsis, topic-fronting, spoken grammar",حذف، پیشانی‌سازی موضوع، دستور زبان محاوره‌ای,B2,10,sent,"Na, Hauptsache sie ist glücklich damit. Das ist ja das Wichtigste!","Well, the main thing is she is happy with it. That is the most important thing!",خب، مهم اینه که راضی باشه. این مهم‌ترینه!,B2
99,B2 Exam Preparation,آمادگی آزمون B2,Review of all B2 structures,مرور تمام ساختارهای B2,B2,1,received,Beschreiben Sie die Grafik zum Thema Digitalisierung.,Describe the graphic on the topic of digitization.,نمودار درباره دیجیتال‌سازی را توصیف کنید.,B2
99,B2 Exam Preparation,آمادگی آزمون B2,Review of all B2 structures,مرور تمام ساختارهای B2,B2,2,sent,"Die Grafik zeigt, dass die Nutzung digitaler Medien in den letzten Jahren stark zugenommen hat.",The graphic shows that the use of digital media has increased strongly in recent years.,نمودار نشان می‌دهد که استفاده از رسانه‌های دیجیتال در سال‌های اخیر به شدت افزایش یافته.,B2
99,B2 Exam Preparation,آمادگی آزمون B2,Review of all B2 structures,مرور تمام ساختارهای B2,B2,3,received,Nehmen Sie Stellung zu folgender Aussage: Homeoffice ist die Zukunft der Arbeit.,Take a position on the following statement: Home office is the future of work.,درباره این عبارت نظر بدهید: دورکاری آینده کار است.,B2
99,B2 Exam Preparation,آمادگی آزمون B2,Review of all B2 structures,مرور تمام ساختارهای B2,B2,4,sent,"Einerseits bietet das Homeoffice Flexibilität, andererseits fehlt der persönliche Austausch mit Kollegen.","On one hand home office offers flexibility, on the other hand personal exchange with colleagues is missing.",از یک سو دورکاری انعطاف‌پذیری ارائه می‌دهد، از سوی دیگر تبادل شخصی با همکاران کم است.,B2
99,B2 Exam Preparation,آمادگی آزمون B2,Review of all B2 structures,مرور تمام ساختارهای B2,B2,5,received,Verfassen Sie eine formelle Beschwerde über einen mangelhaften Service.,Write a formal complaint about deficient service.,یک شکایت رسمی درباره خدمات نامناسب بنویسید.,B2
99,B2 Exam Preparation,آمادگی آزمون B2,Review of all B2 structures,مرور تمام ساختارهای B2,B2,6,sent,"Sehr geehrte Damen und Herren, hiermit möchte ich mich über den unzureichenden Kundenservice beschweren.","Dear Sir or Madam, hereby I would like to complain about the insufficient customer service.",خانم‌ها و آقایان محترم، بدینوسیله مایلم از خدمات ناکافی مشتریان شکایت کنم.,B2
99,B2 Exam Preparation,آمادگی آزمون B2,Review of all B2 structures,مرور تمام ساختارهای B2,B2,7,received,Diskutieren Sie mit Ihrem Partner über die Vor- und Nachteile des Stadtlebens.,Discuss with your partner the advantages and disadvantages of city life.,با شریکتان درباره مزایا و معایب زندگی شهری بحث کنید.,B2
99,B2 Exam Preparation,آمادگی آزمون B2,Review of all B2 structures,مرور تمام ساختارهای B2,B2,8,sent,"Obwohl das Stadtleben viele kulturelle Angebote bietet, leidet man häufig unter Lärm und hohen Mieten.","Although city life offers many cultural amenities, one often suffers from noise and high rents.",با وجود اینکه زندگی شهری امکانات فرهنگی زیادی دارد، اغلب از سر و صدا و اجاره بالا رنج می‌برند.,B2
99,B2 Exam Preparation,آمادگی آزمون B2,Review of all B2 structures,مرور تمام ساختارهای B2,B2,9,received,Hätten Sie lieber auf dem Land oder in der Stadt gelebt?,Would you rather have lived in the countryside or in the city?,ترجیح می‌دادید روستا زندگی کنید یا شهر؟,B2
99,B2 Exam Preparation,آمادگی آزمون B2,Review of all B2 structures,مرور تمام ساختارهای B2,B2,10,sent,"Wenn ich die Wahl gehabt hätte, hätte ich sowohl die Ruhe des Landes als auch die Dynamik der Stadt genießen wollen.","If I had had the choice, I would have wanted to enjoy both the peace of the countryside and the dynamism of the city.",اگر انتخاب داشتم هم آرامش روستا و هم پویایی شهر را می‌خواستم.,B2
100,Final Review & Celebration,مرور نهایی و جشن,Comprehensive review A1 to B2,مرور جامع از A1 تا B2,B2,1,received,Herzlichen Glückwunsch! Du hast alle 100 Lektionen geschafft!,Congratulations! You have completed all 100 lessons!,تبریک! هر ۱۰۰ درس را تکمیل کردی!,A1
100,Final Review & Celebration,مرور نهایی و جشن,Comprehensive review A1 to B2,مرور جامع از A1 تا B2,B2,2,sent,"Vielen Dank! Es war eine lange, aber wunderbare Reise.",Thank you very much! It was a long but wonderful journey.,خیلی ممنون! سفر طولانی ولی شگفت‌انگیزی بود.,A2
100,Final Review & Celebration,مرور نهایی و جشن,Comprehensive review A1 to B2,مرور جامع از A1 تا B2,B2,3,received,Erinnerst du dich an deine erste Lektion? Du konntest kaum Hallo sagen!,Do you remember your first lesson? You could barely say Hello!,درس اولت یادت هست؟ به زور سلام بلد بودی!,B1
100,Final Review & Celebration,مرور نهایی و جشن,Comprehensive review A1 to B2,مرور جامع از A1 تا B2,B2,4,sent,"Ja, und jetzt kann ich komplexe Texte verstehen und über abstrakte Themen diskutieren.","Yes, and now I can understand complex texts and discuss abstract topics.",بله، و حالا می‌توانم متون پیچیده بفهمم و درباره موضوعات انتزاعی بحث کنم.,B2
100,Final Review & Celebration,مرور نهایی و جشن,Comprehensive review A1 to B2,مرور جامع از A1 تا B2,B2,5,received,Was hat dir am meisten beim Lernen geholfen?,What helped you the most in learning?,چه چیزی بیشتر از همه در یادگیری کمکت کرد؟,B1
100,Final Review & Celebration,مرور نهایی و جشن,Comprehensive review A1 to B2,مرور جامع از A1 تا B2,B2,6,sent,"Hätte ich nicht jeden Tag geübt und regelmäßig mit Muttersprachlern gesprochen, wäre ich nicht so weit gekommen.","If I hadn't practiced every day and regularly spoken with native speakers, I wouldn't have come this far.",اگر هر روز تمرین نکرده بودم و مرتب با بومی‌زبانان صحبت نکرده بودم، تا اینجا نمی‌رسیدم.,B2
100,Final Review & Celebration,مرور نهایی و جشن,Comprehensive review A1 to B2,مرور جامع از A1 تا B2,B2,7,received,Wie fühlst du dich jetzt mit deinem Deutsch?,How do you feel now about your German?,الان درباره آلمانی‌ات چه احساسی داری؟,A2
100,Final Review & Celebration,مرور نهایی و جشن,Comprehensive review A1 to B2,مرور جامع از A1 تا B2,B2,8,sent,"Ich bin stolz auf meine Fortschritte, obwohl es natürlich immer noch Raum für Verbesserung gibt.","I am proud of my progress, although there is of course still room for improvement.",به پیشرفتم افتخار می‌کنم، هرچند همیشه جای پیشرفت بیشتر هست.,B2
100,Final Review & Celebration,مرور نهایی و جشن,Comprehensive review A1 to B2,مرور جامع از A1 تا B2,B2,9,received,"Was würdest du anderen empfehlen, die gerade anfangen, Deutsch zu lernen?",What would you recommend to others who are just starting to learn German?,به دیگرانی که تازه شروع به یادگیری آلمانی کرده‌اند چه توصیه می‌کنی؟,B1
100,Final Review & Celebration,مرور نهایی و جشن,Comprehensive review A1 to B2,مرور جامع از A1 تا B2,B2,10,sent,"Gebt nicht auf! Je mehr ihr übt, desto natürlicher wird es sich anfühlen. Viel Erfolg auf eurem Weg!","Don't give up! The more you practice, the more natural it will feel. Good luck on your journey!",تسلیم نشوید! هرچه بیشتر تمرین کنید طبیعی‌تر خواهد شد. در مسیرتان موفق باشید!,B2
